species,decimallongitude,decimallatitude,syndrome,region
Balmea_stormiae,-89.8,13.87,hummingbird,C
Balmea_stormiae,-90.66,14.4,hummingbird,C
Balmea_stormiae,-90.64,14.4,hummingbird,C
Balmea_stormiae,-92.95,15.72,hummingbird,C
Balmea_stormiae,-92.95,15.73,hummingbird,C
Balmea_stormiae,-92.5,16.5,hummingbird,C
Balmea_stormiae,-97.57,16.83,hummingbird,C
Balmea_stormiae,-99.88,17.53,hummingbird,C
Balmea_stormiae,-100.45,18.86,hummingbird,C
Balmea_stormiae,-101.8333,19.1667,hummingbird,C
Balmea_stormiae,-103.67,19.33,hummingbird,C
Balmea_stormiae,-102.05,19.35,hummingbird,C
Balmea_stormiae,-102.06,19.4,hummingbird,C
Balmea_stormiae,-103.7,19.43,hummingbird,C
Balmea_stormiae,-103.67,19.43,hummingbird,C
Balmea_stormiae,-103.68,19.43,hummingbird,C
Balmea_stormiae,-103.7,19.45,hummingbird,C
Balmea_stormiae,-103.67,19.46,hummingbird,C
Balmea_stormiae,-104.3,19.6,hummingbird,C
Balmea_stormiae,-104.98,21.5,hummingbird,C
Cosmibuena_grandiflora,-64.435,-16.7261,hawkmoth,ABD
Cosmibuena_grandiflora,-64.435,-16.7261,hawkmoth,ABD
Cosmibuena_grandiflora,-67.51666,-16.35,hawkmoth,ABD
Cosmibuena_grandiflora,-67.75,-16.21666,hawkmoth,ABD
Cosmibuena_grandiflora,-67.83333,-16.2,hawkmoth,ABD
Cosmibuena_grandiflora,-68.1667,-15.25,hawkmoth,ABD
Cosmibuena_grandiflora,-68.1667,-15.25,hawkmoth,ABD
Cosmibuena_grandiflora,-68.63694,-15.2125,hawkmoth,ABD
Cosmibuena_grandiflora,-68.712306,-14.669861,hawkmoth,ABD
Cosmibuena_grandiflora,-68.774722,-14.576944,hawkmoth,ABD
Cosmibuena_grandiflora,-68.90888,-14.57666,hawkmoth,ABD
Cosmibuena_grandiflora,-68.82166,-14.56861,hawkmoth,ABD
Cosmibuena_grandiflora,-67.820778,-14.088139,hawkmoth,ABD
Cosmibuena_grandiflora,-70,-13,hawkmoth,ABD
Cosmibuena_grandiflora,-71.372222,-12.901944,hawkmoth,ABD
Cosmibuena_grandiflora,-73.16944,-12.7875,hawkmoth,ABD
Cosmibuena_grandiflora,-75.25,-11.25,hawkmoth,ABD
Cosmibuena_grandiflora,-75.338055,-11.197778,hawkmoth,ABD
Cosmibuena_grandiflora,-75.41666,-11.08333,hawkmoth,ABD
Cosmibuena_grandiflora,-52.8731,-10.8339,hawkmoth,ABD
Cosmibuena_grandiflora,-74.38333,-10.75,hawkmoth,ABD
Cosmibuena_grandiflora,-75.093611,-10.572778,hawkmoth,ABD
Cosmibuena_grandiflora,-75.06666,-10.53333,hawkmoth,ABD
Cosmibuena_grandiflora,-75.07027,-10.48666,hawkmoth,ABD
Cosmibuena_grandiflora,-75.260278,-10.3325,hawkmoth,ABD
Cosmibuena_grandiflora,-75.540278,-10.291389,hawkmoth,ABD
Cosmibuena_grandiflora,-75.182778,-10.26,hawkmoth,ABD
Cosmibuena_grandiflora,-75.25,-10.25,hawkmoth,ABD
Cosmibuena_grandiflora,-74.94166,-10.19444,hawkmoth,ABD
Cosmibuena_grandiflora,-75.23138,-10.1725,hawkmoth,ABD
Cosmibuena_grandiflora,-75.368333,-10.134444,hawkmoth,ABD
Cosmibuena_grandiflora,-75.55027,-10.10416,hawkmoth,ABD
Cosmibuena_grandiflora,-74.14,-9.1839,hawkmoth,ABD
Cosmibuena_grandiflora,-74.14,-9.1839,hawkmoth,ABD
Cosmibuena_grandiflora,-74.14,-9.1839,hawkmoth,ABD
Cosmibuena_grandiflora,-74.14,-9.1839,hawkmoth,ABD
Cosmibuena_grandiflora,-74.14,-9.1839,hawkmoth,ABD
Cosmibuena_grandiflora,-74.14,-9.1839,hawkmoth,ABD
Cosmibuena_grandiflora,-74.14,-9.1839,hawkmoth,ABD
Cosmibuena_grandiflora,-74.14,-9.1839,hawkmoth,ABD
Cosmibuena_grandiflora,-74.14,-9.1839,hawkmoth,ABD
Cosmibuena_grandiflora,-74.14,-9.1839,hawkmoth,ABD
Cosmibuena_grandiflora,-74.14,-9.1839,hawkmoth,ABD
Cosmibuena_grandiflora,-74.14,-9.1839,hawkmoth,ABD
Cosmibuena_grandiflora,-76.41666,-6.5,hawkmoth,ABD
Cosmibuena_grandiflora,-77.36666,-5.66666,hawkmoth,ABD
Cosmibuena_grandiflora,-77.562639,-4.038153,hawkmoth,ABD
Cosmibuena_grandiflora,-75,-4,hawkmoth,ABD
Cosmibuena_grandiflora,-77.98333,-1.85,hawkmoth,ABD
Cosmibuena_grandiflora,-76.7,-1.816667,hawkmoth,ABD
Cosmibuena_grandiflora,-80.616667,-1.8,hawkmoth,ABD
Cosmibuena_grandiflora,-60.221386,-1.569003,hawkmoth,ABD
Cosmibuena_grandiflora,-60.221389,-1.568889,hawkmoth,ABD
Cosmibuena_grandiflora,-78.1869,-1.4628,hawkmoth,ABD
Cosmibuena_grandiflora,-77.6,-1.06666,hawkmoth,ABD
Cosmibuena_grandiflora,-77.61666,-1.06666,hawkmoth,ABD
Cosmibuena_grandiflora,-77.56666,-0.68333,hawkmoth,ABD
Cosmibuena_grandiflora,-79.213056,-0.525833,hawkmoth,ABD
Cosmibuena_grandiflora,-78.16666,0.66666,hawkmoth,ABD
Cosmibuena_grandiflora,-78.9,0.8,hawkmoth,ABD
Cosmibuena_grandiflora,-78.9,0.8,hawkmoth,ABD
Cosmibuena_grandiflora,-78.5,0.81666,hawkmoth,ABD
Cosmibuena_grandiflora,-78.45,0.85,hawkmoth,ABD
Cosmibuena_grandiflora,-54.54111,3.10472,hawkmoth,ABD
Cosmibuena_grandiflora,-53.08333,3.25,hawkmoth,ABD
Cosmibuena_grandiflora,-52.95,3.3,hawkmoth,ABD
Cosmibuena_grandiflora,-52.93333,3.3,hawkmoth,ABD
Cosmibuena_grandiflora,-52.95,3.3,hawkmoth,ABD
Cosmibuena_grandiflora,-53.21666,3.46666,hawkmoth,ABD
Cosmibuena_grandiflora,-53.22,3.47,hawkmoth,ABD
Cosmibuena_grandiflora,-76.58333,3.48333,hawkmoth,ABD
Cosmibuena_grandiflora,-76.633333,3.483333,hawkmoth,ABD
Cosmibuena_grandiflora,-61.83333,3.75,hawkmoth,ABD
Cosmibuena_grandiflora,-61.726111,3.785278,hawkmoth,ABD
Cosmibuena_grandiflora,-61.726002,3.785408,hawkmoth,ABD
Cosmibuena_grandiflora,-61.666667,3.833333,hawkmoth,ABD
Cosmibuena_grandiflora,-72.8667,3.8811,hawkmoth,ABD
Cosmibuena_grandiflora,-72.8667,3.8811,hawkmoth,ABD
Cosmibuena_grandiflora,-72.8667,3.8811,hawkmoth,ABD
Cosmibuena_grandiflora,-72.8667,3.8811,hawkmoth,ABD
Cosmibuena_grandiflora,-72.8667,3.8811,hawkmoth,ABD
Cosmibuena_grandiflora,-72.8667,3.8811,hawkmoth,ABD
Cosmibuena_grandiflora,-72.8667,3.8811,hawkmoth,ABD
Cosmibuena_grandiflora,-72.8667,3.8811,hawkmoth,ABD
Cosmibuena_grandiflora,-72.8667,3.8811,hawkmoth,ABD
Cosmibuena_grandiflora,-72.8667,3.8811,hawkmoth,ABD
Cosmibuena_grandiflora,-72.8667,3.8811,hawkmoth,ABD
Cosmibuena_grandiflora,-72.8667,3.8811,hawkmoth,ABD
Cosmibuena_grandiflora,-58.86611,3.96527,hawkmoth,ABD
Cosmibuena_grandiflora,-58.86611,3.96527,hawkmoth,ABD
Cosmibuena_grandiflora,-58.8661,3.96528,hawkmoth,ABD
Cosmibuena_grandiflora,-58.95,3.98,hawkmoth,ABD
Cosmibuena_grandiflora,-58.95,3.98,hawkmoth,ABD
Cosmibuena_grandiflora,-58.95,3.983333,hawkmoth,ABD
Cosmibuena_grandiflora,-54.78,4.25,hawkmoth,ABD
Cosmibuena_grandiflora,-61.55,4.66666,hawkmoth,ABD
Cosmibuena_grandiflora,-61.55,4.66666,hawkmoth,ABD
Cosmibuena_grandiflora,-58.7017,4.7364,hawkmoth,ABD
Cosmibuena_grandiflora,-58.7017,4.7364,hawkmoth,ABD
Cosmibuena_grandiflora,-58.7017,4.7364,hawkmoth,ABD
Cosmibuena_grandiflora,-58.7017,4.7364,hawkmoth,ABD
Cosmibuena_grandiflora,-59.48,5.16,hawkmoth,ABD
Cosmibuena_grandiflora,-59.48333,5.16666,hawkmoth,ABD
Cosmibuena_grandiflora,-59.48333,5.16666,hawkmoth,ABD
Cosmibuena_grandiflora,-59.4833,5.16667,hawkmoth,ABD
Cosmibuena_grandiflora,-59.48333,5.175,hawkmoth,ABD
Cosmibuena_grandiflora,-59.4833,5.175,hawkmoth,ABD
Cosmibuena_grandiflora,-59.48333,5.175,hawkmoth,ABD
Cosmibuena_grandiflora,-59.4667,5.2,hawkmoth,ABD
Cosmibuena_grandiflora,-60.25,5.56666,hawkmoth,ABD
Cosmibuena_grandiflora,-60.25,5.56666,hawkmoth,ABD
Cosmibuena_grandiflora,-60.25,5.56666,hawkmoth,ABD
Cosmibuena_grandiflora,-60.25,5.56666,hawkmoth,ABD
Cosmibuena_grandiflora,-60.25,5.56667,hawkmoth,ABD
Cosmibuena_grandiflora,-60.25,5.56667,hawkmoth,ABD
Cosmibuena_grandiflora,-75.67,5.67,hawkmoth,ABD
Cosmibuena_grandiflora,-75.25,5.72,hawkmoth,ABD
Cosmibuena_grandiflora,-60.58,5.75,hawkmoth,ABD
Cosmibuena_grandiflora,-61.06166,5.815,hawkmoth,ABD
Cosmibuena_grandiflora,-61.0617,5.815,hawkmoth,ABD
Cosmibuena_grandiflora,-61.06166,5.815,hawkmoth,ABD
Cosmibuena_grandiflora,-62.25,5.9,hawkmoth,ABD
Cosmibuena_grandiflora,-75.13333,5.91666,hawkmoth,ABD
Cosmibuena_grandiflora,-61.1,5.95,hawkmoth,ABD
Cosmibuena_grandiflora,-61.394167,6.096944,hawkmoth,ABD
Cosmibuena_grandiflora,-61.81,6.21,hawkmoth,ABD
Cosmibuena_grandiflora,-64.41,6.23,hawkmoth,ABD
Cosmibuena_grandiflora,-62.68,6.28,hawkmoth,ABD
Cosmibuena_grandiflora,-62.68333,6.28333,hawkmoth,ABD
Cosmibuena_grandiflora,-61.91,6.36,hawkmoth,ABD
Cosmibuena_grandiflora,-61.91,6.36,hawkmoth,ABD
Cosmibuena_grandiflora,-60.58,6.375,hawkmoth,ABD
Cosmibuena_grandiflora,-60.5799,6.37503,hawkmoth,ABD
Cosmibuena_grandiflora,-75.1344,6.9058,hawkmoth,ABD
Cosmibuena_grandiflora,-65.9119,7.0758,hawkmoth,ABD
Cosmibuena_grandiflora,-65.9119,7.0758,hawkmoth,ABD
Cosmibuena_grandiflora,-65.9119,7.0758,hawkmoth,ABD
Cosmibuena_grandiflora,-65.9119,7.0758,hawkmoth,ABD
Cosmibuena_grandiflora,-65.9119,7.0758,hawkmoth,ABD
Cosmibuena_grandiflora,-65.9119,7.0758,hawkmoth,ABD
Cosmibuena_grandiflora,-65.9119,7.0758,hawkmoth,ABD
Cosmibuena_grandiflora,-65.9119,7.0758,hawkmoth,ABD
Cosmibuena_grandiflora,-65.9119,7.0758,hawkmoth,ABD
Cosmibuena_grandiflora,-65.9119,7.0758,hawkmoth,ABD
Cosmibuena_grandiflora,-65.9119,7.0758,hawkmoth,ABD
Cosmibuena_grandiflora,-81.84305,7.52388,hawkmoth,ABD
Cosmibuena_grandiflora,-61.21,7.61,hawkmoth,ABD
Cosmibuena_grandiflora,-80.833333,7.716667,hawkmoth,ABD
Cosmibuena_grandiflora,-80.873611,7.73,hawkmoth,ABD
Cosmibuena_grandiflora,-59.46,7.81,hawkmoth,ABD
Cosmibuena_grandiflora,-60.02,8.03,hawkmoth,ABD
Cosmibuena_grandiflora,-60.06,8.05,hawkmoth,ABD
Cosmibuena_grandiflora,-60.06666,8.05,hawkmoth,ABD
Cosmibuena_grandiflora,-80.983333,8.1,hawkmoth,ABD
Cosmibuena_grandiflora,-81.25,8.1667,hawkmoth,ABD
Cosmibuena_grandiflora,-81.25,8.1667,hawkmoth,ABD
Cosmibuena_grandiflora,-80.86055,8.43416,hawkmoth,ABD
Cosmibuena_grandiflora,-83.56,8.48,hawkmoth,ABD
Cosmibuena_grandiflora,-80.4,8.4833,hawkmoth,ABD
Cosmibuena_grandiflora,-73.37,8.52,hawkmoth,ABD
Cosmibuena_grandiflora,-83.36,8.55,hawkmoth,ABD
Cosmibuena_grandiflora,-83.36,8.55,hawkmoth,ABD
Cosmibuena_grandiflora,-80.11666,8.575,hawkmoth,ABD
Cosmibuena_grandiflora,-83.2,8.67,hawkmoth,ABD
Cosmibuena_grandiflora,-80.46388,8.67888,hawkmoth,ABD
Cosmibuena_grandiflora,-82.6,8.683333,hawkmoth,ABD
Cosmibuena_grandiflora,-79.916111,8.691667,hawkmoth,ABD
Cosmibuena_grandiflora,-82.448333,8.693333,hawkmoth,ABD
Cosmibuena_grandiflora,-83.55,8.7,hawkmoth,ABD
Cosmibuena_grandiflora,-83.52,8.7,hawkmoth,ABD
Cosmibuena_grandiflora,-70.53333,8.83333,hawkmoth,ABD
Cosmibuena_grandiflora,-70.73333,8.86666,hawkmoth,ABD
Cosmibuena_grandiflora,-83.245833,9.297222,hawkmoth,ABD
Cosmibuena_grandiflora,-83.63888,9.385,hawkmoth,ABD
Cosmibuena_grandiflora,-83.642778,9.3875,hawkmoth,ABD
Cosmibuena_grandiflora,-83.709722,9.464444,hawkmoth,ABD
Cosmibuena_grandiflora,-84.38,9.71,hawkmoth,ABD
Cosmibuena_grandiflora,-84.40143,9.719767,hawkmoth,ABD
Cosmibuena_grandiflora,-84.40143,9.719767,hawkmoth,ABD
Cosmibuena_grandiflora,-84.37,9.72,hawkmoth,ABD
Cosmibuena_grandiflora,-84.39,9.74,hawkmoth,ABD
Cosmibuena_grandiflora,-84.3925,9.743056,hawkmoth,ABD
Cosmibuena_grandiflora,-84.55,9.75,hawkmoth,ABD
Cosmibuena_grandiflora,-85.30268,9.912235,hawkmoth,ABD
Cosmibuena_grandiflora,-85.30268,9.912235,hawkmoth,ABD
Cosmibuena_grandiflora,-83.9519,10.0114,hawkmoth,ABD
Cosmibuena_grandiflora,-83.9519,10.0114,hawkmoth,ABD
Cosmibuena_grandiflora,-83.9519,10.0114,hawkmoth,ABD
Cosmibuena_grandiflora,-84.516667,10.033333,hawkmoth,ABD
Cosmibuena_grandiflora,-84.516667,10.033333,hawkmoth,ABD
Cosmibuena_grandiflora,-84.66,10.11,hawkmoth,ABD
Cosmibuena_grandiflora,-85.63056,10.1425,hawkmoth,ABD
Cosmibuena_grandiflora,-85.63056,10.1425,hawkmoth,ABD
Cosmibuena_grandiflora,-84.60777,10.21472,hawkmoth,ABD
Cosmibuena_grandiflora,-84.416667,10.233333,hawkmoth,ABD
Cosmibuena_grandiflora,-85.58,10.26,hawkmoth,ABD
Cosmibuena_grandiflora,-84.8,10.3,hawkmoth,ABD
Cosmibuena_grandiflora,-84.8,10.3,hawkmoth,ABD
Cosmibuena_grandiflora,-84.8,10.3,hawkmoth,ABD
Cosmibuena_grandiflora,-84.8,10.3,hawkmoth,ABD
Cosmibuena_grandiflora,-84.8,10.3,hawkmoth,ABD
Cosmibuena_grandiflora,-84.82611,10.30666,hawkmoth,ABD
Cosmibuena_grandiflora,-84.5,10.5,hawkmoth,ABD
Cosmibuena_grandiflora,-83.5,10.51,hawkmoth,ABD
Cosmibuena_grandiflora,-84.93,10.58,hawkmoth,ABD
Cosmibuena_grandiflora,-84.93,10.58,hawkmoth,ABD
Cosmibuena_grandiflora,-85.26,10.8,hawkmoth,ABD
Cosmibuena_grandiflora,-85.33,10.91,hawkmoth,ABD
Cosmibuena_grandiflora,-85.33,10.92,hawkmoth,ABD
Cosmibuena_grandiflora,-85.58333,11.53333,hawkmoth,ABD
Cosmibuena_grandiflora,-86.166667,11.983333,hawkmoth,ABD
Cosmibuena_grandiflora,-86.15,12,hawkmoth,ABD
Cosmibuena_grandiflora,-85.341778,12.298583,hawkmoth,ABD
Cosmibuena_grandiflora,-85.98333,13.05,hawkmoth,ABD
Cosmibuena_grandiflora,-85.5833,13.75,hawkmoth,ABD
Cosmibuena_grandiflora,-86.183611,13.970833,hawkmoth,ABD
Cosmibuena_grandiflora,-87,14,hawkmoth,ABD
Cosmibuena_grandiflora,-87,14,hawkmoth,ABD
Cosmibuena_macrocarpa,-78.1869,-1.4628,hawkmoth,ABD
Cosmibuena_macrocarpa,-78.1869,-1.4628,hawkmoth,ABD
Cosmibuena_macrocarpa,-79.91666,-0.4,hawkmoth,ABD
Cosmibuena_macrocarpa,-79.91666,-0.4,hawkmoth,ABD
Cosmibuena_macrocarpa,-78.9,0.8,hawkmoth,ABD
Cosmibuena_macrocarpa,-78.35,0.81666,hawkmoth,ABD
Cosmibuena_macrocarpa,-78.53333,0.83333,hawkmoth,ABD
Cosmibuena_macrocarpa,-78.6,1.03333,hawkmoth,ABD
Cosmibuena_macrocarpa,-78.8,1.3,hawkmoth,ABD
Cosmibuena_macrocarpa,-78.8,1.3,hawkmoth,ABD
Cosmibuena_macrocarpa,-78.7,1.35,hawkmoth,ABD
Cosmibuena_macrocarpa,-71.39972,3.35222,hawkmoth,ABD
Cosmibuena_macrocarpa,-76.83333,3.66666,hawkmoth,ABD
Cosmibuena_macrocarpa,-76.5,3.75,hawkmoth,ABD
Cosmibuena_macrocarpa,-72.8667,3.8811,hawkmoth,ABD
Cosmibuena_macrocarpa,-72.8667,3.8811,hawkmoth,ABD
Cosmibuena_macrocarpa,-72.8667,3.8811,hawkmoth,ABD
Cosmibuena_macrocarpa,-72.8667,3.8811,hawkmoth,ABD
Cosmibuena_macrocarpa,-76.25,4.033333,hawkmoth,ABD
Cosmibuena_macrocarpa,-76.56611,5.26638,hawkmoth,ABD
Cosmibuena_macrocarpa,-77.28333,5.31666,hawkmoth,ABD
Cosmibuena_macrocarpa,-77.35,6.26666,hawkmoth,ABD
Cosmibuena_macrocarpa,-76.56126,7.27859,hawkmoth,ABD
Cosmibuena_macrocarpa,-80.05,8.566667,hawkmoth,ABD
Cosmibuena_macrocarpa,-80.13333,8.6,hawkmoth,ABD
Cosmibuena_macrocarpa,-80.11666,8.6,hawkmoth,ABD
Cosmibuena_macrocarpa,-77.383333,8.633333,hawkmoth,ABD
Cosmibuena_macrocarpa,-80.5903,8.6429,hawkmoth,ABD
Cosmibuena_macrocarpa,-79.91666,8.66666,hawkmoth,ABD
Cosmibuena_macrocarpa,-79.91666,8.68333,hawkmoth,ABD
Cosmibuena_macrocarpa,-79.9,8.68333,hawkmoth,ABD
Cosmibuena_macrocarpa,-79.9,8.683333,hawkmoth,ABD
Cosmibuena_macrocarpa,-79.9,8.683333,hawkmoth,ABD
Cosmibuena_macrocarpa,-79.915556,8.688889,hawkmoth,ABD
Cosmibuena_macrocarpa,-79.90555,8.6925,hawkmoth,ABD
Cosmibuena_macrocarpa,-80.47666,8.695,hawkmoth,ABD
Cosmibuena_macrocarpa,-79.90111,8.70111,hawkmoth,ABD
Cosmibuena_macrocarpa,-79.91666,8.71666,hawkmoth,ABD
Cosmibuena_macrocarpa,-80.466667,8.716667,hawkmoth,ABD
Cosmibuena_macrocarpa,-79.33333,9.01666,hawkmoth,ABD
Cosmibuena_macrocarpa,-79.33,9.02,hawkmoth,ABD
Cosmibuena_macrocarpa,-80.1,9.15,hawkmoth,ABD
Cosmibuena_macrocarpa,-79.85,9.15,hawkmoth,ABD
Cosmibuena_macrocarpa,-80.3,9.15,hawkmoth,ABD
Cosmibuena_macrocarpa,-79.96333,9.15083,hawkmoth,ABD
Cosmibuena_macrocarpa,-79.85277,9.15555,hawkmoth,ABD
Cosmibuena_macrocarpa,-79.85277,9.15555,hawkmoth,ABD
Cosmibuena_macrocarpa,-79.85277,9.15555,hawkmoth,ABD
Cosmibuena_macrocarpa,-79.86527,9.16,hawkmoth,ABD
Cosmibuena_macrocarpa,-79.84166,9.1625,hawkmoth,ABD
Cosmibuena_macrocarpa,-79.83722,9.16305,hawkmoth,ABD
Cosmibuena_macrocarpa,-79.838055,9.163611,hawkmoth,ABD
Cosmibuena_macrocarpa,-80,9.1667,hawkmoth,ABD
Cosmibuena_macrocarpa,-79.84,9.17,hawkmoth,ABD
Cosmibuena_macrocarpa,-79.84,9.17,hawkmoth,ABD
Cosmibuena_macrocarpa,-79.84,9.17,hawkmoth,ABD
Cosmibuena_macrocarpa,-79.84,9.17,hawkmoth,ABD
Cosmibuena_macrocarpa,-79.84361,9.17805,hawkmoth,ABD
Cosmibuena_macrocarpa,-79.84361,9.17805,hawkmoth,ABD
Cosmibuena_macrocarpa,-79.84361,9.17805,hawkmoth,ABD
Cosmibuena_macrocarpa,-79.375,9.23388,hawkmoth,ABD
Cosmibuena_macrocarpa,-78.98333,9.25,hawkmoth,ABD
Cosmibuena_macrocarpa,-79.65,9.31666,hawkmoth,ABD
Cosmibuena_macrocarpa,-79.65,9.31666,hawkmoth,ABD
Cosmibuena_macrocarpa,-79.65,9.316667,hawkmoth,ABD
Cosmibuena_macrocarpa,-79.65,9.316667,hawkmoth,ABD
Cosmibuena_macrocarpa,-78.98333,9.33333,hawkmoth,ABD
Cosmibuena_macrocarpa,-78.983333,9.333333,hawkmoth,ABD
Cosmibuena_macrocarpa,-79.75,9.35,hawkmoth,ABD
Cosmibuena_macrocarpa,-79.75,9.433333,hawkmoth,ABD
Cosmibuena_macrocarpa,-84.64222,10.36138,hawkmoth,ABD
Cosmibuena_macrocarpa,-84.92139,10.536945,hawkmoth,ABD
Cosmibuena_macrocarpa,-84.92139,10.536945,hawkmoth,ABD
Cosmibuena_macrocarpa,-85.11767,10.709184,hawkmoth,ABD
Cosmibuena_macrocarpa,-85.05,10.73,hawkmoth,ABD
Cosmibuena_macrocarpa,-85.26,10.78,hawkmoth,ABD
Cosmibuena_macrocarpa,-83.616667,10.8,hawkmoth,ABD
Cosmibuena_macrocarpa,-85.4175,10.988889,hawkmoth,ABD
Cosmibuena_macrocarpa,-84.616667,13.85,hawkmoth,ABD
Cosmibuena_matudae,-85.6667,12.9167,hawkmoth,BC
Cosmibuena_matudae,-85.9,13.01666,hawkmoth,BC
Cosmibuena_matudae,-85.90277,13.02222,hawkmoth,BC
Cosmibuena_matudae,-85.925,13.02222,hawkmoth,BC
Cosmibuena_matudae,-85.93333,13.03333,hawkmoth,BC
Cosmibuena_matudae,-85.93333,13.03333,hawkmoth,BC
Cosmibuena_matudae,-85.957528,13.045667,hawkmoth,BC
Cosmibuena_matudae,-85.91666,13.05,hawkmoth,BC
Cosmibuena_matudae,-85.91666,13.06666,hawkmoth,BC
Cosmibuena_matudae,-86.23333,13.23333,hawkmoth,BC
Cosmibuena_matudae,-86.245083,13.246278,hawkmoth,BC
Cosmibuena_matudae,-85.7,13.25,hawkmoth,BC
Cosmibuena_matudae,-85.7,13.25,hawkmoth,BC
Cosmibuena_matudae,-85.683333,13.25,hawkmoth,BC
Cosmibuena_matudae,-86.240278,13.416667,hawkmoth,BC
Cosmibuena_matudae,-85.972611,13.780778,hawkmoth,BC
Cosmibuena_matudae,-87.075278,14.025278,hawkmoth,BC
Cosmibuena_matudae,-89.35,14.41666,hawkmoth,BC
Cosmibuena_matudae,-89.35,14.41666,hawkmoth,BC
Cosmibuena_matudae,-89.35,14.41666,hawkmoth,BC
Cosmibuena_matudae,-87.883333,14.5,hawkmoth,BC
Cosmibuena_matudae,-89.4167,14.6667,hawkmoth,BC
Cosmibuena_matudae,-91.708611,14.726389,hawkmoth,BC
Cosmibuena_matudae,-92.271389,15.331667,hawkmoth,BC
Cosmibuena_matudae,-92.3,15.4,hawkmoth,BC
Cosmibuena_matudae,-90.3333,15.4667,hawkmoth,BC
Cosmibuena_matudae,-90.334444,15.522222,hawkmoth,BC
Cosmibuena_matudae,-90.1792,15.7422,hawkmoth,BC
Cosmibuena_matudae,-90.1792,15.7422,hawkmoth,BC
Cosmibuena_matudae,-91.2328,15.7736,hawkmoth,BC
Cosmibuena_matudae,-91.631667,16.078611,hawkmoth,BC
Cosmibuena_matudae,-91.700556,16.0875,hawkmoth,BC
Cosmibuena_matudae,-91.56,16.101111,hawkmoth,BC
Cosmibuena_matudae,-93.601389,16.197222,hawkmoth,BC
Cosmibuena_matudae,-93.595555,16.210278,hawkmoth,BC
Cosmibuena_matudae,-93.3225,16.88,hawkmoth,BC
Cosmibuena_matudae,-92.968333,17.211944,hawkmoth,BC
Cosmibuena_valerii,-81.25,8.1667,hawkmoth,B
Cosmibuena_valerii,-81.76305,8.4925,hawkmoth,B
Cosmibuena_valerii,-81.76305,8.4925,hawkmoth,B
Cosmibuena_valerii,-81.12166,8.5025,hawkmoth,B
Cosmibuena_valerii,-81.1217,8.5025,hawkmoth,B
Cosmibuena_valerii,-81.118056,8.516667,hawkmoth,B
Cosmibuena_valerii,-81.81,8.520556,hawkmoth,B
Cosmibuena_valerii,-81.79361,8.52083,hawkmoth,B
Cosmibuena_valerii,-81.796667,8.525,hawkmoth,B
Cosmibuena_valerii,-81.82083,8.53222,hawkmoth,B
Cosmibuena_valerii,-81.81722,8.53527,hawkmoth,B
Cosmibuena_valerii,-81.811667,8.538611,hawkmoth,B
Cosmibuena_valerii,-81.811667,8.538611,hawkmoth,B
Cosmibuena_valerii,-81.823333,8.540556,hawkmoth,B
Cosmibuena_valerii,-81.823333,8.540556,hawkmoth,B
Cosmibuena_valerii,-82.2,8.633333,hawkmoth,B
Cosmibuena_valerii,-82.233333,8.666667,hawkmoth,B
Cosmibuena_valerii,-82.21666,8.7,hawkmoth,B
Cosmibuena_valerii,-82.24861,8.71277,hawkmoth,B
Cosmibuena_valerii,-82.25,8.716667,hawkmoth,B
Cosmibuena_valerii,-82.2,8.75,hawkmoth,B
Cosmibuena_valerii,-82.4,8.816667,hawkmoth,B
Cosmibuena_valerii,-79.384722,9.213889,hawkmoth,B
Cosmibuena_valerii,-79.36666,9.23333,hawkmoth,B
Cosmibuena_valerii,-79.38333,9.23333,hawkmoth,B
Cosmibuena_valerii,-79.375,9.23388,hawkmoth,B
Cosmibuena_valerii,-79.375,9.23388,hawkmoth,B
Cosmibuena_valerii,-79.375,9.233889,hawkmoth,B
Cosmibuena_valerii,-79.5,9.25,hawkmoth,B
Cosmibuena_valerii,-83.33,9.4,hawkmoth,B
Cosmibuena_valerii,-83.3333,9.4028,hawkmoth,B
Cosmibuena_valerii,-83.88333,9.69722,hawkmoth,B
Cosmibuena_valerii,-83.946389,9.745833,hawkmoth,B
Cosmibuena_valerii,-83.946389,9.745833,hawkmoth,B
Cosmibuena_valerii,-83.99,9.77,hawkmoth,B
Cosmibuena_valerii,-83.99,9.77,hawkmoth,B
Cosmibuena_valerii,-83.99,9.78,hawkmoth,B
Cosmibuena_valerii,-83.99,9.78,hawkmoth,B
Cosmibuena_valerii,-83.14,9.78,hawkmoth,B
Cosmibuena_valerii,-83.99444,9.783333,hawkmoth,B
Cosmibuena_valerii,-83.99444,9.783333,hawkmoth,B
Cosmibuena_valerii,-83.94,9.79,hawkmoth,B
Cosmibuena_valerii,-84.01729,10.008635,hawkmoth,B
Cosmibuena_valerii,-84.01729,10.008635,hawkmoth,B
Cosmibuena_valerii,-83.98,10.03,hawkmoth,B
Cosmibuena_valerii,-84.00833,10.05,hawkmoth,B
Cosmibuena_valerii,-84.01,10.05,hawkmoth,B
Cosmibuena_valerii,-83.99472,10.05583,hawkmoth,B
Cosmibuena_valerii,-83.98668,10.058516,hawkmoth,B
Cosmibuena_valerii,-83.98668,10.058516,hawkmoth,B
Cosmibuena_valerii,-84,10.06,hawkmoth,B
Cosmibuena_valerii,-84.06666,10.06666,hawkmoth,B
Cosmibuena_valerii,-84.06666,10.06666,hawkmoth,B
Cosmibuena_valerii,-83.98611,10.066667,hawkmoth,B
Cosmibuena_valerii,-83.9875,10.066667,hawkmoth,B
Cosmibuena_valerii,-83.98611,10.066667,hawkmoth,B
Cosmibuena_valerii,-83.988333,10.071945,hawkmoth,B
Cosmibuena_valerii,-83.988333,10.071945,hawkmoth,B
Cosmibuena_valerii,-83.988333,10.071945,hawkmoth,B
Cosmibuena_valerii,-83.98889,10.072222,hawkmoth,B
Cosmibuena_valerii,-83.98889,10.072222,hawkmoth,B
Cosmibuena_valerii,-84.58,10.15,hawkmoth,B
Cosmibuena_valerii,-84.31,10.18,hawkmoth,B
Cosmibuena_valerii,-84.1,10.21,hawkmoth,B
Cosmibuena_valerii,-84.08,10.21,hawkmoth,B
Cosmibuena_valerii,-84.43861,10.21222,hawkmoth,B
Cosmibuena_valerii,-84.1275,10.23,hawkmoth,B
Cosmibuena_valerii,-84.1275,10.23,hawkmoth,B
Cosmibuena_valerii,-84.03,10.28,hawkmoth,B
Cosmibuena_valerii,-84.033333,10.283333,hawkmoth,B
Cosmibuena_valerii,-84.78,10.29,hawkmoth,B
Cosmibuena_valerii,-84.73,10.3,hawkmoth,B
Cosmibuena_valerii,-84.56,10.3,hawkmoth,B
Cosmibuena_valerii,-84.802778,10.305,hawkmoth,B
Cosmibuena_valerii,-84.7825,10.306111,hawkmoth,B
Cosmibuena_valerii,-84.73861,10.30666,hawkmoth,B
Cosmibuena_valerii,-84.810556,10.3075,hawkmoth,B
Cosmibuena_valerii,-84.8,10.31,hawkmoth,B
Cosmibuena_valerii,-84.8,10.33333,hawkmoth,B
Cosmibuena_valerii,-84.8,10.333333,hawkmoth,B
Cosmibuena_valerii,-84.833333,10.333333,hawkmoth,B
Cosmibuena_valerii,-84.833333,10.333333,hawkmoth,B
Cosmibuena_valerii,-84.79289,10.338694,hawkmoth,B
Cosmibuena_valerii,-84.79289,10.338694,hawkmoth,B
Cosmibuena_valerii,-84.866667,10.366667,hawkmoth,B
Cosmibuena_valerii,-84.68805,10.46194,hawkmoth,B
Cosmibuena_valerii,-84.99283,10.620389,hawkmoth,B
Cosmibuena_valerii,-84.99283,10.620389,hawkmoth,B
Cosmibuena_valerii,-84.99583,10.627778,hawkmoth,B
Cosmibuena_valerii,-85.31,10.8,hawkmoth,B
Cosmibuena_valerii,-85.47,10.92,hawkmoth,B
Cosmibuena_valerii,-85.46833,10.926667,hawkmoth,B
Cosmibuena_valerii,-85.46833,10.926667,hawkmoth,B
Cosmibuena_valerii,-85.45972,10.93138,hawkmoth,B
Cosmibuena_valerii,-85.45872,10.93269,hawkmoth,B
Cosmibuena_valerii,-85.45872,10.93269,hawkmoth,B
Cosmibuena_valerii,-85.45278,10.933333,hawkmoth,B
Cosmibuena_valerii,-85.45278,10.933333,hawkmoth,B
Cosmibuena_valerii,-85.475,10.966667,hawkmoth,B
Cosmibuena_valerii,-85.45,10.966667,hawkmoth,B
Cosmibuena_valerii,-85.48167,10.975833,hawkmoth,B
Cosmibuena_valerii,-85.48167,10.975833,hawkmoth,B
Hillia_allenii,-80.4,8.4833,hummingbird,B
Hillia_allenii,-81.116667,8.5,hummingbird,B
Hillia_allenii,-81.818889,8.535833,hummingbird,B
Hillia_allenii,-80.108333,8.623333,hummingbird,B
Hillia_allenii,-82.25,8.733333,hummingbird,B
Hillia_allenii,-82.25,8.75,hummingbird,B
Hillia_allenii,-82.25,8.75,hummingbird,B
Hillia_allenii,-82.28333,8.75,hummingbird,B
Hillia_allenii,-82.216667,8.766667,hummingbird,B
Hillia_costanensis,-65.9119,7.0758,bat,AD
Hillia_costanensis,-70.01666,9.03333,bat,AD
Hillia_costanensis,-67.1667,10,bat,AD
Hillia_costanensis,-67.65,10.35,bat,AD
Hillia_costanensis,-72.33333,11.01666,bat,AD
Hillia_costanensis,-71.334954,12.146845,bat,AD
Hillia_costanensis,-71.384113,12.171362,bat,AD
Hillia_costanensis,-72.4,10.9,bat,AD
Hillia_costanensis,-71.4,12.2,bat,AD
Hillia_foldatsii,-62.53333,5.85,bat,D
Hillia_grayumii,-83.65,9.88,bat,B
Hillia_grayumii,-84.07,10.28,bat,B
Hillia_grayumii,-84.716667,10.316667,bat,B
Hillia_grayumii,-83.65,10.68,bat,B
Hillia_grayumii,-83.6,10.75,bat,B
Hillia_illustris,-48.421288,-25.620588,bat,AD
Hillia_illustris,-48.421389,-25.620556,bat,AD
Hillia_illustris,-51,-24,bat,AD
Hillia_illustris,-63.673611,-18.285,bat,AD
Hillia_illustris,-64.435,-16.7261,bat,AD
Hillia_illustris,-67.16666,-16.03333,bat,AD
Hillia_illustris,-67.333333,-15.5,bat,AD
Hillia_illustris,-67.05,-15.32,bat,AD
Hillia_illustris,-67.05,-15.31666,bat,AD
Hillia_illustris,-67.083333,-15.233333,bat,AD
Hillia_illustris,-68.48666,-15.04277,bat,AD
Hillia_illustris,-67.82305,-14.66444,bat,AD
Hillia_illustris,-67.811667,-14.66,bat,AD
Hillia_illustris,-67.93333,-14.45,bat,AD
Hillia_illustris,-70.75,-13.21666,bat,AD
Hillia_illustris,-72.48611,-12.42944,bat,AD
Hillia_illustris,-52.8731,-10.8339,bat,AD
Hillia_illustris,-52.8731,-10.8339,bat,AD
Hillia_illustris,-52.8731,-10.8339,bat,AD
Hillia_illustris,-75.21666,-10.31666,bat,AD
Hillia_illustris,-75.575833,-10.183889,bat,AD
Hillia_illustris,-74.14,-9.1839,bat,AD
Hillia_illustris,-74.14,-9.1839,bat,AD
Hillia_illustris,-74.14,-9.1839,bat,AD
Hillia_illustris,-76.5125,-8.18416,bat,AD
Hillia_illustris,-74.66666,-5.25,bat,AD
Hillia_illustris,-74.66666,-5.16666,bat,AD
Hillia_illustris,-73.73333,-4.98333,bat,AD
Hillia_illustris,-73.833333,-4.85,bat,AD
Hillia_illustris,-73.75,-4.83333,bat,AD
Hillia_illustris,-78.19277,-4.57527,bat,AD
Hillia_illustris,-78.66,-4.250278,bat,AD
Hillia_illustris,-75,-4,bat,AD
Hillia_illustris,-78.603889,-3.710278,bat,AD
Hillia_illustris,-78.43138,-3.51944,bat,AD
Hillia_illustris,-72.83333,-3.5,bat,AD
Hillia_illustris,-71.817222,-3.332778,bat,AD
Hillia_illustris,-71.85,-3.316667,bat,AD
Hillia_illustris,-71.85,-3.316667,bat,AD
Hillia_illustris,-77.666667,-1.05,bat,AD
Hillia_illustris,-72,-1,bat,AD
Hillia_illustris,-75.344194,-0.481611,bat,AD
Hillia_illustris,-75.5,-0.12,bat,AD
Hillia_illustris,-75.5,-0.11666,bat,AD
Hillia_illustris,-76.156667,-0.037778,bat,AD
Hillia_illustris,-76.18333,-0.01666,bat,AD
Hillia_illustris,-71.158152,0.071602,bat,AD
Hillia_illustris,-70.75,0.25,bat,AD
Hillia_illustris,-51.855556,1.515833,bat,AD
Hillia_illustris,-51.855556,1.515833,bat,AD
Hillia_illustris,-51.855556,1.515833,bat,AD
Hillia_illustris,-58.83444,1.54722,bat,AD
Hillia_illustris,-58.8344,1.54722,bat,AD
Hillia_illustris,-58.83444,1.54722,bat,AD
Hillia_illustris,-59.23833,1.565,bat,AD
Hillia_illustris,-59.2383,1.565,bat,AD
Hillia_illustris,-59.23833,1.565,bat,AD
Hillia_illustris,-59.23833,1.56888,bat,AD
Hillia_illustris,-59.23833,1.56888,bat,AD
Hillia_illustris,-59.2383,1.56889,bat,AD
Hillia_illustris,-59.24972,1.65305,bat,AD
Hillia_illustris,-59.24972,1.65305,bat,AD
Hillia_illustris,-59.2497,1.65306,bat,AD
Hillia_illustris,-58.73333,1.8,bat,AD
Hillia_illustris,-58.7333,1.8,bat,AD
Hillia_illustris,-58.73333,1.8,bat,AD
Hillia_illustris,-54.55388,2.97166,bat,AD
Hillia_illustris,-58.59222,2.985,bat,AD
Hillia_illustris,-58.5922,2.985,bat,AD
Hillia_illustris,-58.59222,2.985,bat,AD
Hillia_illustris,-58.67666,3.17722,bat,AD
Hillia_illustris,-58.6767,3.17722,bat,AD
Hillia_illustris,-58.67666,3.17722,bat,AD
Hillia_illustris,-58.855,3.18944,bat,AD
Hillia_illustris,-58.855,3.18944,bat,AD
Hillia_illustris,-58.855,3.18944,bat,AD
Hillia_illustris,-56.65,3.25,bat,AD
Hillia_illustris,-53.2,3.62,bat,AD
Hillia_illustris,-53.2,3.62,bat,AD
Hillia_illustris,-52.73333,3.81666,bat,AD
Hillia_illustris,-72.8667,3.8811,bat,AD
Hillia_illustris,-72.8667,3.8811,bat,AD
Hillia_illustris,-72.8667,3.8811,bat,AD
Hillia_illustris,-58.91722,4.38777,bat,AD
Hillia_illustris,-58.91722,4.38777,bat,AD
Hillia_illustris,-58.9172,4.38778,bat,AD
Hillia_illustris,-52.07,4.5,bat,AD
Hillia_illustris,-58.7017,4.7364,bat,AD
Hillia_illustris,-53.11666,4.83333,bat,AD
Hillia_illustris,-53.06,4.85,bat,AD
Hillia_illustris,-53.06666,4.85,bat,AD
Hillia_illustris,-53.18333,5.4,bat,AD
Hillia_illustris,-58.7,5.43333,bat,AD
Hillia_illustris,-58.7,5.43333,bat,AD
Hillia_illustris,-53.08333,5.43333,bat,AD
Hillia_illustris,-58.7,5.43333,bat,AD
Hillia_illustris,-75.05,5.56666,bat,AD
Hillia_illustris,-75.05,5.57,bat,AD
Hillia_illustris,-61.2211,5.83083,bat,AD
Hillia_illustris,-61.22111,5.83083,bat,AD
Hillia_illustris,-60.58,6.375,bat,AD
Hillia_illustris,-60.5799,6.37503,bat,AD
Hillia_illustris,-58.38333,6.5,bat,AD
Hillia_illustris,-76.253056,6.518056,bat,AD
Hillia_illustris,-58.36666,6.56666,bat,AD
Hillia_illustris,-58.3667,6.56667,bat,AD
Hillia_illustris,-59.28333,7.85,bat,AD
Hillia_illustris,-59.28333,7.85,bat,AD
Hillia_illustris,-59.95,7.86333,bat,AD
Hillia_illustris,-64.5,9,bat,AD
Hillia_killipii,-65.23333,-17.35416,hawkmoth,A
Hillia_killipii,-64.435,-16.7261,hawkmoth,A
Hillia_killipii,-68.465833,-15.075361,hawkmoth,A
Hillia_killipii,-68.465833,-15.075361,hawkmoth,A
Hillia_killipii,-70.75,-13.28333,hawkmoth,A
Hillia_killipii,-70.75,-13.28333,hawkmoth,A
Hillia_killipii,-73.36444,-12.72972,hawkmoth,A
Hillia_killipii,-72.5,-12.5,hawkmoth,A
Hillia_killipii,-75.07027,-10.48666,hawkmoth,A
Hillia_killipii,-74.14,-9.1839,hawkmoth,A
Hillia_killipii,-74.14,-9.1839,hawkmoth,A
Hillia_killipii,-74.14,-9.1839,hawkmoth,A
Hillia_killipii,-76.215,-7.396111,hawkmoth,A
Hillia_killipii,-76.029167,-6.933611,hawkmoth,A
Hillia_killipii,-77.75,-5.83333,hawkmoth,A
Hillia_killipii,-77.633333,-5.65,hawkmoth,A
Hillia_killipii,-77.633333,-5.65,hawkmoth,A
Hillia_killipii,-77.63,-5.65,hawkmoth,A
Hillia_killipii,-77.616667,-5.633333,hawkmoth,A
Hillia_killipii,-77.616667,-5.633333,hawkmoth,A
Hillia_killipii,-77.62,-5.63,hawkmoth,A
Hillia_killipii,-78.63972,-5.24777,hawkmoth,A
Hillia_killipii,-78.846389,-4.537778,hawkmoth,A
Hillia_killipii,-78.66666,-4.3,hawkmoth,A
Hillia_killipii,-78.8333,-4.25,hawkmoth,A
Hillia_killipii,-78.56666,-4.11666,hawkmoth,A
Hillia_killipii,-78.329444,-2.922778,hawkmoth,A
Hillia_killipii,-78.1869,-1.4628,hawkmoth,A
Hillia_killipii,-77.6333,-0.5333,hawkmoth,A
Hillia_killipii,-77.5,-0.01666,hawkmoth,A
Hillia_longifilamentosa,-82.25,8.5,hummingbird,B
Hillia_longifilamentosa,-82.230556,8.705556,hummingbird,B
Hillia_longifilamentosa,-82.21666,8.71666,hummingbird,B
Hillia_longifilamentosa,-82.485,8.826667,hummingbird,B
Hillia_longifilamentosa,-82.752,8.898608,hummingbird,B
Hillia_longifilamentosa,-84.8333,10,hummingbird,B
Hillia_longifilamentosa,-84.78,10.28,hummingbird,B
Hillia_longifilamentosa,-84.8,10.28,hummingbird,B
Hillia_longifilamentosa,-84.80861,10.30583,hummingbird,B
Hillia_loranthoides,-83.48,8.49,hawkmoth,BC
Hillia_loranthoides,-81.159167,8.541944,hawkmoth,BC
Hillia_loranthoides,-83.52,8.71,hawkmoth,BC
Hillia_loranthoides,-83.52,8.71,hawkmoth,BC
Hillia_loranthoides,-84.08,9.6,hawkmoth,BC
Hillia_loranthoides,-84.08,9.6,hawkmoth,BC
Hillia_loranthoides,-83.962778,9.624722,hawkmoth,BC
Hillia_loranthoides,-84.46944,9.793056,hawkmoth,BC
Hillia_loranthoides,-84.46944,9.793056,hawkmoth,BC
Hillia_loranthoides,-83.75,9.8333,hawkmoth,BC
Hillia_loranthoides,-83.69,9.96,hawkmoth,BC
Hillia_loranthoides,-84.8333,10,hawkmoth,BC
Hillia_loranthoides,-84.60777,10.21472,hawkmoth,BC
Hillia_loranthoides,-84.8,10.266667,hawkmoth,BC
Hillia_loranthoides,-84.828889,10.286944,hawkmoth,BC
Hillia_loranthoides,-84.71,10.3,hawkmoth,BC
Hillia_loranthoides,-84.71,10.31,hawkmoth,BC
Hillia_loranthoides,-84.73,10.31,hawkmoth,BC
Hillia_loranthoides,-84.71666,10.31666,hawkmoth,BC
Hillia_loranthoides,-84.73333,10.31666,hawkmoth,BC
Hillia_loranthoides,-84.83333,10.33333,hawkmoth,BC
Hillia_loranthoides,-84.71666,10.33333,hawkmoth,BC
Hillia_loranthoides,-85.46494,10.929655,hawkmoth,BC
Hillia_loranthoides,-85.46494,10.929655,hawkmoth,BC
Hillia_loranthoides,-91.5464,14.6869,hawkmoth,BC
Hillia_loranthoides,-91.546389,14.686944,hawkmoth,BC
Hillia_loranthoides,-91.546389,14.686944,hawkmoth,BC
Hillia_loranthoides,-92.335555,15.321111,hawkmoth,BC
Hillia_loranthoides,-90.1792,15.7422,hawkmoth,BC
Hillia_macbridei,-77.58333,-0.66666,hawkmoth,A
Hillia_macbridei,-75.332469,-11.062417,hawkmoth,A
Hillia_macbridei,-74.14,-9.1839,hawkmoth,A
Hillia_macbridei,-77.58,-0.67,hawkmoth,A
Hillia_macbridei,-77.58333,-0.66666,hawkmoth,A
Hillia_macromeris,-75.368333,-10.134444,hawkmoth,AD
Hillia_macromeris,-78.132778,-4.426111,hawkmoth,AD
Hillia_macromeris,-75,-4,hawkmoth,AD
Hillia_macromeris,-72.83333,-3.5,hawkmoth,AD
Hillia_macromeris,-78.166667,-2.916667,hawkmoth,AD
Hillia_macromeris,-78.18166,-2.09555,hawkmoth,AD
Hillia_macromeris,-78.88333,0.71666,hawkmoth,AD
Hillia_macromeris,-78.13333,0.86666,hawkmoth,AD
Hillia_macromeris,-72.8667,3.8811,hawkmoth,AD
Hillia_macromeris,-72.8667,3.8811,hawkmoth,AD
Hillia_macrophylla_SA,-75.333333,-10.6,hawkmoth,A
Hillia_macrophylla_SA,-75.368333,-10.134444,hawkmoth,A
Hillia_macrophylla_SA,-75.368333,-10.134444,hawkmoth,A
Hillia_macrophylla_SA,-74.14,-9.1839,hawkmoth,A
Hillia_macrophylla_SA,-74.14,-9.1839,hawkmoth,A
Hillia_macrophylla_SA,-76.015556,-7.066111,hawkmoth,A
Hillia_macrophylla_SA,-77.654528,-6.992194,hawkmoth,A
Hillia_macrophylla_SA,-77.95,-5.83333,hawkmoth,A
Hillia_macrophylla_SA,-77.67638,-5.67388,hawkmoth,A
Hillia_macrophylla_SA,-78.68333,-4.2,hawkmoth,A
Hillia_macrophylla_SA,-79.066667,-3.966667,hawkmoth,A
Hillia_macrophylla_SA,-79.6875,-3.633056,hawkmoth,A
Hillia_macrophylla_SA,-78.233333,-3.483333,hawkmoth,A
Hillia_macrophylla_SA,-79.75,-3.48333,hawkmoth,A
Hillia_macrophylla_SA,-78.233333,-3.116667,hawkmoth,A
Hillia_macrophylla_SA,-78.42694,-2.64583,hawkmoth,A
Hillia_macrophylla_SA,-78.155278,-2.098333,hawkmoth,A
Hillia_macrophylla_SA,-78.1869,-1.4628,hawkmoth,A
Hillia_macrophylla_SA,-78.1869,-1.4628,hawkmoth,A
Hillia_macrophylla_SA,-78.1869,-1.4628,hawkmoth,A
Hillia_macrophylla_SA,-78.1869,-1.4628,hawkmoth,A
Hillia_macrophylla_SA,-78.1869,-1.4628,hawkmoth,A
Hillia_macrophylla_SA,-79.111111,-0.869444,hawkmoth,A
Hillia_macrophylla_SA,-77.666667,-0.716667,hawkmoth,A
Hillia_macrophylla_SA,-78.966667,-0.4,hawkmoth,A
Hillia_macrophylla_SA,-78.91666,-0.33333,hawkmoth,A
Hillia_macrophylla_SA,-78.635,0.11694,hawkmoth,A
Hillia_macrophylla_SA,-78.15,0.8,hawkmoth,A
Hillia_macrophylla_SA,-78.11666,0.83333,hawkmoth,A
Hillia_macrophylla_SA,-78.183333,0.833333,hawkmoth,A
Hillia_macrophylla_SA,-78.4,1,hawkmoth,A
Hillia_macrophylla_SA,-78.03333,1.06666,hawkmoth,A
Hillia_macrophylla_SA,-78.03333,1.06666,hawkmoth,A
Hillia_macrophylla_SA,-78.016667,1.083333,hawkmoth,A
Hillia_macrophylla_SA,-77.96666,1.13333,hawkmoth,A
Hillia_macrophylla_SA,-77.96666,1.16666,hawkmoth,A
Hillia_macrophylla_SA,-78.0025,1.17166,hawkmoth,A
Hillia_macrophylla_SA,-78,1.5,hawkmoth,A
Hillia_macrophylla_SA,-77.516704,1.583335,hawkmoth,A
Hillia_macrophylla_SA,-73.9334,3.101094,hawkmoth,A
Hillia_macrophylla_SA,-76.5,3.75,hawkmoth,A
Hillia_macrophylla_SA,-76.42,4.67,hawkmoth,A
Hillia_macrophylla_SA,-76.42,4.67,hawkmoth,A
Hillia_macrophylla_SA,-76.42,4.67,hawkmoth,A
Hillia_macrophylla_SA,-75.133333,6.283333,hawkmoth,A
Hillia_macrophylla_SA,-76.32,6.53,hawkmoth,A
Hillia_macrophylla_SA,-76.31666,6.53333,hawkmoth,A
Hillia_macrophylla_SA,-76.31666,6.53333,hawkmoth,A
Hillia_macrophylla_SA,-76.31666,6.53333,hawkmoth,A
Hillia_macrophylla_SA,-76.31666,6.56666,hawkmoth,A
Hillia_macrophylla_SA,-76.4,6.7,hawkmoth,A
Hillia_macrophylla_SA,-73,8,hawkmoth,A
Hillia_macrophylla_CA,-83.75,9.8333,hawkmoth,B
Hillia_macrophylla_CA,-84.73,10.31,hawkmoth,B
Hillia_macrophylla_CA,-84.5,10.5,hawkmoth,B
Hillia_macrophylla_CA,-84.95,10.81,hawkmoth,B
Hillia_macrophylla_CA,-83.452778,9.972222,hawkmoth,B
Hillia_macrophylla_CA,-84.733333,10.316667,hawkmoth,B
Hillia_macrophylla_CA,-84.716668,10.316667,hawkmoth,B
Hillia_macrophylla_CA,-84.5,10.5,hawkmoth,B
Hillia_maxonii,-78.1869,-1.4628,hawkmoth,ABD
Hillia_maxonii,-78.1869,-1.4628,hawkmoth,ABD
Hillia_maxonii,-78.1869,-1.4628,hawkmoth,ABD
Hillia_maxonii,-78.45,0.75,hawkmoth,ABD
Hillia_maxonii,-78.45,0.75,hawkmoth,ABD
Hillia_maxonii,-78.0833,0.75,hawkmoth,ABD
Hillia_maxonii,-78.16666,0.8,hawkmoth,ABD
Hillia_maxonii,-78.28333,1.06666,hawkmoth,ABD
Hillia_maxonii,-78.10752,1.602311,hawkmoth,ABD
Hillia_maxonii,-71.39972,3.35222,hawkmoth,ABD
Hillia_maxonii,-76.5,3.75,hawkmoth,ABD
Hillia_maxonii,-76.5,3.75,hawkmoth,ABD
Hillia_maxonii,-76.5,3.75,hawkmoth,ABD
Hillia_maxonii,-72.8667,3.8811,hawkmoth,ABD
Hillia_maxonii,-72.8667,3.8811,hawkmoth,ABD
Hillia_maxonii,-76.41666,4.66666,hawkmoth,ABD
Hillia_maxonii,-76.42,4.67,hawkmoth,ABD
Hillia_maxonii,-78.383333,7.966667,hawkmoth,ABD
Hillia_maxonii,-81.115,8.513056,hawkmoth,ABD
Hillia_maxonii,-81.82333,8.54055,hawkmoth,ABD
Hillia_maxonii,-81.823333,8.540556,hawkmoth,ABD
Hillia_maxonii,-81.1,8.6,hawkmoth,ABD
Hillia_maxonii,-80.07333,8.60833,hawkmoth,ABD
Hillia_maxonii,-79.91611,8.69166,hawkmoth,ABD
Hillia_maxonii,-82.1,8.7,hawkmoth,ABD
Hillia_maxonii,-82.233333,8.7,hawkmoth,ABD
Hillia_maxonii,-79.89138,8.72083,hawkmoth,ABD
Hillia_maxonii,-82.25,8.76666,hawkmoth,ABD
Hillia_maxonii,-79.375,9.153889,hawkmoth,ABD
Hillia_maxonii,-79.40833,9.17777,hawkmoth,ABD
Hillia_maxonii,-79.375,9.23388,hawkmoth,ABD
Hillia_maxonii,-79.38333,9.25,hawkmoth,ABD
Hillia_maxonii,-83.75,9.8333,hawkmoth,ABD
Hillia_maxonii,-84.78,10.28,hawkmoth,ABD
Hillia_maxonii,-84.80861,10.30583,hawkmoth,ABD
Hillia_maxonii,-84.88333,10.38333,hawkmoth,ABD
Hillia_maxonii,-84.5,10.5,hawkmoth,ABD
Hillia_maxonii,-85.46666,10.91666,hawkmoth,ABD
Hillia_maxonii,-86.316667,11.983333,hawkmoth,ABD
Hillia_maxonii,-86.28333,12.00833,hawkmoth,ABD
Hillia_maxonii,-85.916667,13.033333,hawkmoth,ABD
Hillia_maxonii,-85.933333,13.033333,hawkmoth,ABD
Hillia_maxonii,-86.23,13.23,hawkmoth,ABD
Hillia_palmana,-78.36666,7.96666,hawkmoth,B
Hillia_palmana,-81.09805,8.48222,hawkmoth,B
Hillia_palmana,-81.11666,8.51666,hawkmoth,B
Hillia_palmana,-81.11666,8.51666,hawkmoth,B
Hillia_palmana,-81.118056,8.516667,hawkmoth,B
Hillia_palmana,-81.116667,8.533333,hawkmoth,B
Hillia_palmana,-82.833333,8.566667,hawkmoth,B
Hillia_palmana,-79.91666,8.66666,hawkmoth,B
Hillia_palmana,-79.91666,8.66666,hawkmoth,B
Hillia_palmana,-79.91666,8.66666,hawkmoth,B
Hillia_palmana,-79.915,8.68916,hawkmoth,B
Hillia_palmana,-82.21666,8.7,hawkmoth,B
Hillia_palmana,-82.28333,8.71666,hawkmoth,B
Hillia_palmana,-82.233333,8.75,hawkmoth,B
Hillia_palmana,-82.21666,8.78333,hawkmoth,B
Hillia_palmana,-82.82,9,hawkmoth,B
Hillia_palmana,-82.82,9,hawkmoth,B
Hillia_palmana,-82.82638,9.00555,hawkmoth,B
Hillia_palmana,-82.816667,9.016667,hawkmoth,B
Hillia_palmana,-82.816667,9.025,hawkmoth,B
Hillia_palmana,-82.655917,9.166389,hawkmoth,B
Hillia_palmana,-82.645331,9.171498,hawkmoth,B
Hillia_palmana,-79.375,9.23388,hawkmoth,B
Hillia_palmana,-79.372222,9.233889,hawkmoth,B
Hillia_palmana,-79.375,9.233889,hawkmoth,B
Hillia_palmana,-79.5,9.25,hawkmoth,B
Hillia_palmana,-83.546389,9.456667,hawkmoth,B
Hillia_palmana,-83.49,9.49,hawkmoth,B
Hillia_palmana,-84.18,9.7,hawkmoth,B
Hillia_palmana,-84.208333,9.758333,hawkmoth,B
Hillia_palmana,-84.208333,9.758333,hawkmoth,B
Hillia_palmana,-83.97917,9.777778,hawkmoth,B
Hillia_palmana,-83.97917,9.777778,hawkmoth,B
Hillia_palmana,-83.99,9.78,hawkmoth,B
Hillia_palmana,-83.99,9.78,hawkmoth,B
Hillia_palmana,-83.83555,9.79611,hawkmoth,B
Hillia_palmana,-83.83555,9.79611,hawkmoth,B
Hillia_palmana,-84.03555,9.83222,hawkmoth,B
Hillia_palmana,-83.75,9.8333,hawkmoth,B
Hillia_palmana,-84.1,9.84,hawkmoth,B
Hillia_palmana,-84.14,9.84,hawkmoth,B
Hillia_palmana,-83.398611,9.920833,hawkmoth,B
Hillia_palmana,-84.8333,10,hawkmoth,B
Hillia_palmana,-83.9519,10.0114,hawkmoth,B
Hillia_palmana,-83.9875,10.066667,hawkmoth,B
Hillia_palmana,-84.11,10.09,hawkmoth,B
Hillia_palmana,-84.120833,10.122778,hawkmoth,B
Hillia_palmana,-84.15,10.17,hawkmoth,B
Hillia_palmana,-84.39305,10.18583,hawkmoth,B
Hillia_palmana,-84.11583,10.20833,hawkmoth,B
Hillia_palmana,-84.02,10.21,hawkmoth,B
Hillia_palmana,-84.02,10.21,hawkmoth,B
Hillia_palmana,-84.38111,10.21166,hawkmoth,B
Hillia_palmana,-84.38111,10.21166,hawkmoth,B
Hillia_palmana,-84.63,10.23,hawkmoth,B
Hillia_palmana,-84.63,10.23,hawkmoth,B
Hillia_palmana,-84.37111,10.253333,hawkmoth,B
Hillia_palmana,-84.37111,10.253333,hawkmoth,B
Hillia_palmana,-84.25833,10.25833,hawkmoth,B
Hillia_palmana,-84.76666,10.26666,hawkmoth,B
Hillia_palmana,-84.78,10.3,hawkmoth,B
Hillia_palmana,-84.78,10.3,hawkmoth,B
Hillia_palmana,-84.800278,10.309167,hawkmoth,B
Hillia_palmana,-84.83,10.31,hawkmoth,B
Hillia_palmana,-84.83,10.31,hawkmoth,B
Hillia_palmana,-84.83333,10.33333,hawkmoth,B
Hillia_palmana,-84.83333,10.33333,hawkmoth,B
Hillia_palmana,-84.83333,10.33333,hawkmoth,B
Hillia_palmana,-84.833333,10.333333,hawkmoth,B
Hillia_palmana,-84.78333,10.35,hawkmoth,B
Hillia_palmana,-84.78333,10.35,hawkmoth,B
Hillia_palmana,-84.85,10.36,hawkmoth,B
Hillia_palmana,-84.85,10.36,hawkmoth,B
Hillia_palmana,-84.5,10.5,hawkmoth,B
Hillia_palmana,-84.99,10.61,hawkmoth,B
Hillia_palmana,-84.99,10.61,hawkmoth,B
Hillia_palmana,-85.29,10.76,hawkmoth,B
Hillia_palmana,-85.29,10.78,hawkmoth,B
Hillia_palmana,-85.29,10.78,hawkmoth,B
Hillia_palmana,-85.316667,10.8,hawkmoth,B
Hillia_palmana,-85.466667,10.916667,hawkmoth,B
Hillia_palmana,-85.47,10.92,hawkmoth,B
Hillia_palmana,-85.47,10.92,hawkmoth,B
Hillia_palmana,-85.47,10.92,hawkmoth,B
Hillia_palmana,-85.43,10.96,hawkmoth,B
Hillia_palmana,-85.43,10.96,hawkmoth,B
Hillia_palmana,-85.983333,11.833333,hawkmoth,B
Hillia_palmana,-85.716667,12.666667,hawkmoth,B
Hillia_palmana,-85.216667,12.966667,hawkmoth,B
Hillia_palmana,-85.9,13.016667,hawkmoth,B
Hillia_palmana,-85.974722,13.048333,hawkmoth,B
Hillia_palmana,-86.23333,13.23333,hawkmoth,B
Hillia_palmana,-86.21666,13.25,hawkmoth,B
Hillia_palmana,-85.683333,13.25,hawkmoth,B
Hillia_palmana,-85.683333,13.366667,hawkmoth,B
Hillia_palmana,-85.61666,13.51666,hawkmoth,B
Hillia_palmana,-85.683333,13.55,hawkmoth,B
Hillia_palmana,-86.181111,13.980389,hawkmoth,B
Hillia_panamensis,-82.833333,8.566667,hawkmoth,BC
Hillia_panamensis,-82.2,8.75,hawkmoth,BC
Hillia_panamensis,-82.45,8.816667,hawkmoth,BC
Hillia_panamensis,-79.40111,9.225,hawkmoth,BC
Hillia_panamensis,-79.375,9.233889,hawkmoth,BC
Hillia_panamensis,-84.8333,10,hawkmoth,BC
Hillia_panamensis,-84.8333,10,hawkmoth,BC
Hillia_panamensis,-84.103889,10.113333,hawkmoth,BC
Hillia_panamensis,-84.8,10.266667,hawkmoth,BC
Hillia_panamensis,-84.82,10.27,hawkmoth,BC
Hillia_panamensis,-84.82,10.27,hawkmoth,BC
Hillia_panamensis,-84.8,10.3,hawkmoth,BC
Hillia_panamensis,-84.8075,10.30861,hawkmoth,BC
Hillia_panamensis,-84.8075,10.30861,hawkmoth,BC
Hillia_panamensis,-84.83333,10.33333,hawkmoth,BC
Hillia_panamensis,-84.72,10.34,hawkmoth,BC
Hillia_panamensis,-84.72,10.34,hawkmoth,BC
Hillia_panamensis,-84.88333,10.38333,hawkmoth,BC
Hillia_panamensis,-84.88333,10.41666,hawkmoth,BC
Hillia_panamensis,-83.633333,10.683333,hawkmoth,BC
Hillia_panamensis,-83.633333,10.683333,hawkmoth,BC
Hillia_panamensis,-83.633333,10.683333,hawkmoth,BC
Hillia_panamensis,-85.5,11.433333,hawkmoth,BC
Hillia_panamensis,-85.5,11.45,hawkmoth,BC
Hillia_panamensis,-85.516667,11.45,hawkmoth,BC
Hillia_panamensis,-85.616667,11.55,hawkmoth,BC
Hillia_panamensis,-85.7,13.25,hawkmoth,BC
Hillia_panamensis,-86.116667,13.3,hawkmoth,BC
Hillia_panamensis,-85.73333,13.58333,hawkmoth,BC
Hillia_panamensis,-84.53333,14.1,hawkmoth,BC
Hillia_panamensis,-89.726944,15.270278,hawkmoth,BC
Hillia_panamensis,-89.726944,15.270278,hawkmoth,BC
Hillia_panamensis,-91.560833,16.100278,hawkmoth,BC
Hillia_panamensis,-91.561389,16.114722,hawkmoth,BC
Hillia_panamensis,-89.09333,16.39722,hawkmoth,BC
Hillia_panamensis,-89.101944,16.406944,hawkmoth,BC
Hillia_panamensis,-88.992222,16.497222,hawkmoth,BC
Hillia_panamensis,-89.05,16.5,hawkmoth,BC
Hillia_panamensis,-88.94777,16.51138,hawkmoth,BC
Hillia_parasitica,-48.8202804,-28.3456222,hawkmoth,AD
Hillia_parasitica,-48.819722,-28.341667,hawkmoth,AD
Hillia_parasitica,-48.6838686,-27.9658181,hawkmoth,AD
Hillia_parasitica,-48.6838686,-27.9658181,hawkmoth,AD
Hillia_parasitica,-48.683333,-27.961944,hawkmoth,AD
Hillia_parasitica,-48.683333,-27.961944,hawkmoth,AD
Hillia_parasitica,-48.493824,-27.613429,hawkmoth,AD
Hillia_parasitica,-48.493889,-27.613333,hawkmoth,AD
Hillia_parasitica,-48.941177,-26.748537,hawkmoth,AD
Hillia_parasitica,-48.855271,-26.0307923,hawkmoth,AD
Hillia_parasitica,-48.855271,-26.0307923,hawkmoth,AD
Hillia_parasitica,-48.855271,-26.0307923,hawkmoth,AD
Hillia_parasitica,-48.855271,-26.0307923,hawkmoth,AD
Hillia_parasitica,-48.854722,-26.026944,hawkmoth,AD
Hillia_parasitica,-48.854722,-26.026944,hawkmoth,AD
Hillia_parasitica,-48.854722,-26.026944,hawkmoth,AD
Hillia_parasitica,-48.854722,-26.026944,hawkmoth,AD
Hillia_parasitica,-48.5097444,-25.5241867,hawkmoth,AD
Hillia_parasitica,-48.8347669,-25.4807848,hawkmoth,AD
Hillia_parasitica,-48.8347669,-25.4807848,hawkmoth,AD
Hillia_parasitica,-48.834167,-25.476944,hawkmoth,AD
Hillia_parasitica,-48.834167,-25.476944,hawkmoth,AD
Hillia_parasitica,-48.7122581,-25.4324846,hawkmoth,AD
Hillia_parasitica,-48.32,-25.28,hawkmoth,AD
Hillia_parasitica,-48.32,-25.28,hawkmoth,AD
Hillia_parasitica,-49.1155852,-25.20998,hawkmoth,AD
Hillia_parasitica,-49.115,-25.206111,hawkmoth,AD
Hillia_parasitica,-48.426212,-25.176184,hawkmoth,AD
Hillia_parasitica,-49.7062215,-24.254964,hawkmoth,AD
Hillia_parasitica,-49.705556,-24.251111,hawkmoth,AD
Hillia_parasitica,-46.15,-23.85,hawkmoth,AD
Hillia_parasitica,-46.15,-23.85,hawkmoth,AD
Hillia_parasitica,-46.4100916,-23.7138668,hawkmoth,AD
Hillia_parasitica,-46.409722,-23.71,hawkmoth,AD
Hillia_parasitica,-45.886229,-23.65179,hawkmoth,AD
Hillia_parasitica,-45.84,-23.53,hawkmoth,AD
Hillia_parasitica,-43.274444,-22.955833,hawkmoth,AD
Hillia_parasitica,-43.274528,-22.95583,hawkmoth,AD
Hillia_parasitica,-43.184668,-22.564777,hawkmoth,AD
Hillia_parasitica,-43.184722,-22.564722,hawkmoth,AD
Hillia_parasitica,-43,-22.45,hawkmoth,AD
Hillia_parasitica,-42.05,-22,hawkmoth,AD
Hillia_parasitica,-42.05,-22,hawkmoth,AD
Hillia_parasitica,-42.05,-22,hawkmoth,AD
Hillia_parasitica,-41.870278,-21.849444,hawkmoth,AD
Hillia_parasitica,-43.885556,-21.702222,hawkmoth,AD
Hillia_parasitica,-43.88544,-21.70222,hawkmoth,AD
Hillia_parasitica,-43.8,-20.23,hawkmoth,AD
Hillia_parasitica,-43.8,-20.23,hawkmoth,AD
Hillia_parasitica,-43.75,-19.92,hawkmoth,AD
Hillia_parasitica,-43.75,-19.92,hawkmoth,AD
Hillia_parasitica,-43.75,-19.91666,hawkmoth,AD
Hillia_parasitica,-43.726389,-19.833056,hawkmoth,AD
Hillia_parasitica,-43.67613,-19.82237,hawkmoth,AD
Hillia_parasitica,-43.68,-19.82,hawkmoth,AD
Hillia_parasitica,-43.68,-19.82,hawkmoth,AD
Hillia_parasitica,-43.744901,-19.5174009,hawkmoth,AD
Hillia_parasitica,-43.744722,-19.513611,hawkmoth,AD
Hillia_parasitica,-43.391944,-18.431944,hawkmoth,AD
Hillia_parasitica,-43.391944,-18.431944,hawkmoth,AD
Hillia_parasitica,-43.392,-18.43185,hawkmoth,AD
Hillia_parasitica,-43.391944,-18.43185,hawkmoth,AD
Hillia_parasitica,-63.470278,-17.893333,hawkmoth,AD
Hillia_parasitica,-64.25,-17.8,hawkmoth,AD
Hillia_parasitica,-64.48861,-17.42638,hawkmoth,AD
Hillia_parasitica,-64.5,-17.41527,hawkmoth,AD
Hillia_parasitica,-66.516333,-17.409167,hawkmoth,AD
Hillia_parasitica,-65.836667,-17.218333,hawkmoth,AD
Hillia_parasitica,-65.625556,-17.135278,hawkmoth,AD
Hillia_parasitica,-65.545,-17.01138,hawkmoth,AD
Hillia_parasitica,-67.33333,-16.83333,hawkmoth,AD
Hillia_parasitica,-67.33,-16.83,hawkmoth,AD
Hillia_parasitica,-64.435,-16.7261,hawkmoth,AD
Hillia_parasitica,-64.435,-16.7261,hawkmoth,AD
Hillia_parasitica,-64.435,-16.7261,hawkmoth,AD
Hillia_parasitica,-67.8,-16.3,hawkmoth,AD
Hillia_parasitica,-68.016667,-16.05,hawkmoth,AD
Hillia_parasitica,-67.583333,-15.916667,hawkmoth,AD
Hillia_parasitica,-68.370187,-15.649116,hawkmoth,AD
Hillia_parasitica,-39.5653,-15.3917,hawkmoth,AD
Hillia_parasitica,-39.5653,-15.3917,hawkmoth,AD
Hillia_parasitica,-39.565278,-15.391667,hawkmoth,AD
Hillia_parasitica,-39.565278,-15.391667,hawkmoth,AD
Hillia_parasitica,-68.76638,-15.31805,hawkmoth,AD
Hillia_parasitica,-68.818889,-15.213333,hawkmoth,AD
Hillia_parasitica,-39.3394,-15.1742,hawkmoth,AD
Hillia_parasitica,-39.339444,-15.174167,hawkmoth,AD
Hillia_parasitica,-39.341667,-15.173611,hawkmoth,AD
Hillia_parasitica,-39.341667,-15.173611,hawkmoth,AD
Hillia_parasitica,-39.3417,-15.1736,hawkmoth,AD
Hillia_parasitica,-39.3417,-15.1736,hawkmoth,AD
Hillia_parasitica,-39.08,-15.15,hawkmoth,AD
Hillia_parasitica,-39.08,-15.15,hawkmoth,AD
Hillia_parasitica,-39.08,-15.15,hawkmoth,AD
Hillia_parasitica,-68.591055,-14.779583,hawkmoth,AD
Hillia_parasitica,-68.625917,-14.779167,hawkmoth,AD
Hillia_parasitica,-68.985333,-14.776806,hawkmoth,AD
Hillia_parasitica,-68.975306,-14.775444,hawkmoth,AD
Hillia_parasitica,-68.975306,-14.775417,hawkmoth,AD
Hillia_parasitica,-68.981667,-14.771389,hawkmoth,AD
Hillia_parasitica,-68.634055,-14.770722,hawkmoth,AD
Hillia_parasitica,-39.2028,-14.7703,hawkmoth,AD
Hillia_parasitica,-39.202778,-14.770278,hawkmoth,AD
Hillia_parasitica,-68.966156,-14.76263,hawkmoth,AD
Hillia_parasitica,-68.960833,-14.757987,hawkmoth,AD
Hillia_parasitica,-68.847224,-14.73503,hawkmoth,AD
Hillia_parasitica,-39.6,-14.72,hawkmoth,AD
Hillia_parasitica,-68.58,-14.65,hawkmoth,AD
Hillia_parasitica,-68.924722,-14.594722,hawkmoth,AD
Hillia_parasitica,-68.196111,-14.450556,hawkmoth,AD
Hillia_parasitica,-68.066667,-14.333333,hawkmoth,AD
Hillia_parasitica,-41.27,-13.7,hawkmoth,AD
Hillia_parasitica,-41.27,-13.7,hawkmoth,AD
Hillia_parasitica,-41.95,-13.55,hawkmoth,AD
Hillia_parasitica,-41.95,-13.55,hawkmoth,AD
Hillia_parasitica,-69.78333,-13.38333,hawkmoth,AD
Hillia_parasitica,-69.78333,-13.38333,hawkmoth,AD
Hillia_parasitica,-41.88,-13.27,hawkmoth,AD
Hillia_parasitica,-41.88,-13.27,hawkmoth,AD
Hillia_parasitica,-72.61444,-13.12638,hawkmoth,AD
Hillia_parasitica,-73.07083,-12.96972,hawkmoth,AD
Hillia_parasitica,-41.240555,-12.698055,hawkmoth,AD
Hillia_parasitica,-72.22083,-12.61194,hawkmoth,AD
Hillia_parasitica,-41.5589516,-12.5328554,hawkmoth,AD
Hillia_parasitica,-41.5589516,-12.5328554,hawkmoth,AD
Hillia_parasitica,-41.558889,-12.529167,hawkmoth,AD
Hillia_parasitica,-41.558889,-12.529167,hawkmoth,AD
Hillia_parasitica,-72.094778,-12.258444,hawkmoth,AD
Hillia_parasitica,-41.2,-11.58,hawkmoth,AD
Hillia_parasitica,-41.2,-11.58,hawkmoth,AD
Hillia_parasitica,-41.2,-11.58,hawkmoth,AD
Hillia_parasitica,-41.2,-11.58,hawkmoth,AD
Hillia_parasitica,-41.2,-11.58,hawkmoth,AD
Hillia_parasitica,-41.1558252,-11.5539318,hawkmoth,AD
Hillia_parasitica,-41.1558252,-11.5539318,hawkmoth,AD
Hillia_parasitica,-41.155833,-11.550278,hawkmoth,AD
Hillia_parasitica,-41.155833,-11.550278,hawkmoth,AD
Hillia_parasitica,-52.8731,-10.8339,hawkmoth,AD
Hillia_parasitica,-52.8731,-10.8339,hawkmoth,AD
Hillia_parasitica,-52.8731,-10.8339,hawkmoth,AD
Hillia_parasitica,-52.8731,-10.8339,hawkmoth,AD
Hillia_parasitica,-52.8731,-10.8339,hawkmoth,AD
Hillia_parasitica,-52.8731,-10.8339,hawkmoth,AD
Hillia_parasitica,-52.8731,-10.8339,hawkmoth,AD
Hillia_parasitica,-52.8731,-10.8339,hawkmoth,AD
Hillia_parasitica,-52.8731,-10.8339,hawkmoth,AD
Hillia_parasitica,-52.8731,-10.8339,hawkmoth,AD
Hillia_parasitica,-52.8731,-10.8339,hawkmoth,AD
Hillia_parasitica,-52.8731,-10.8339,hawkmoth,AD
Hillia_parasitica,-52.8731,-10.8339,hawkmoth,AD
Hillia_parasitica,-52.8731,-10.8339,hawkmoth,AD
Hillia_parasitica,-52.8731,-10.8339,hawkmoth,AD
Hillia_parasitica,-52.8731,-10.8339,hawkmoth,AD
Hillia_parasitica,-52.8731,-10.8339,hawkmoth,AD
Hillia_parasitica,-52.8731,-10.8339,hawkmoth,AD
Hillia_parasitica,-52.8731,-10.8339,hawkmoth,AD
Hillia_parasitica,-52.8731,-10.8339,hawkmoth,AD
Hillia_parasitica,-75.437778,-10.675833,hawkmoth,AD
Hillia_parasitica,-75.050556,-10.662222,hawkmoth,AD
Hillia_parasitica,-75.5,-10.583333,hawkmoth,AD
Hillia_parasitica,-75.4,-10.5667,hawkmoth,AD
Hillia_parasitica,-76.498611,-10.516667,hawkmoth,AD
Hillia_parasitica,-75.45805,-10.43555,hawkmoth,AD
Hillia_parasitica,-75.456389,-10.432778,hawkmoth,AD
Hillia_parasitica,-75.45666,-10.43222,hawkmoth,AD
Hillia_parasitica,-75.18333,-10.4,hawkmoth,AD
Hillia_parasitica,-75.46666,-10.38333,hawkmoth,AD
Hillia_parasitica,-75.260833,-10.336667,hawkmoth,AD
Hillia_parasitica,-75.520556,-10.328611,hawkmoth,AD
Hillia_parasitica,-75.5175,-10.323056,hawkmoth,AD
Hillia_parasitica,-75.53333,-10.3,hawkmoth,AD
Hillia_parasitica,-75.61,-10.299444,hawkmoth,AD
Hillia_parasitica,-75.61555,-10.29944,hawkmoth,AD
Hillia_parasitica,-75.576389,-10.186389,hawkmoth,AD
Hillia_parasitica,-75.56666,-10.16666,hawkmoth,AD
Hillia_parasitica,-75.392222,-10.152222,hawkmoth,AD
Hillia_parasitica,-75.368333,-10.134444,hawkmoth,AD
Hillia_parasitica,-75.368333,-10.134444,hawkmoth,AD
Hillia_parasitica,-75.490278,-10.119167,hawkmoth,AD
Hillia_parasitica,-74.583667,-9.474833,hawkmoth,AD
Hillia_parasitica,-76,-9.3,hawkmoth,AD
Hillia_parasitica,-74.14,-9.1839,hawkmoth,AD
Hillia_parasitica,-74.14,-9.1839,hawkmoth,AD
Hillia_parasitica,-74.14,-9.1839,hawkmoth,AD
Hillia_parasitica,-74.14,-9.1839,hawkmoth,AD
Hillia_parasitica,-74.14,-9.1839,hawkmoth,AD
Hillia_parasitica,-74.14,-9.1839,hawkmoth,AD
Hillia_parasitica,-74.14,-9.1839,hawkmoth,AD
Hillia_parasitica,-74.14,-9.1839,hawkmoth,AD
Hillia_parasitica,-74.14,-9.1839,hawkmoth,AD
Hillia_parasitica,-74.14,-9.1839,hawkmoth,AD
Hillia_parasitica,-74.14,-9.1839,hawkmoth,AD
Hillia_parasitica,-74.14,-9.1839,hawkmoth,AD
Hillia_parasitica,-74.14,-9.1839,hawkmoth,AD
Hillia_parasitica,-74.14,-9.1839,hawkmoth,AD
Hillia_parasitica,-74.14,-9.1839,hawkmoth,AD
Hillia_parasitica,-78.66666,-6.16666,hawkmoth,AD
Hillia_parasitica,-78.31,-5.604,hawkmoth,AD
Hillia_parasitica,-78.90138,-4.99027,hawkmoth,AD
Hillia_parasitica,-78.94972,-4.73583,hawkmoth,AD
Hillia_parasitica,-78.6417,-4.4978,hawkmoth,AD
Hillia_parasitica,-78.64166,-4.49777,hawkmoth,AD
Hillia_parasitica,-38.97,-4.2,hawkmoth,AD
Hillia_parasitica,-38.96666,-4.2,hawkmoth,AD
Hillia_parasitica,-79.066667,-3.966667,hawkmoth,AD
Hillia_parasitica,-79.06666,-3.96666,hawkmoth,AD
Hillia_parasitica,-79.06666,-3.96666,hawkmoth,AD
Hillia_parasitica,-38.7,-3.9,hawkmoth,AD
Hillia_parasitica,-77.95805,-2.35444,hawkmoth,AD
Hillia_parasitica,-80.616667,-1.8,hawkmoth,AD
Hillia_parasitica,-80.7,-1.6,hawkmoth,AD
Hillia_parasitica,-80.7,-1.58333,hawkmoth,AD
Hillia_parasitica,-78.1869,-1.4628,hawkmoth,AD
Hillia_parasitica,-78.1869,-1.4628,hawkmoth,AD
Hillia_parasitica,-78.1869,-1.4628,hawkmoth,AD
Hillia_parasitica,-78.1869,-1.4628,hawkmoth,AD
Hillia_parasitica,-75.78333,-1.01666,hawkmoth,AD
Hillia_parasitica,-78.183333,-1,hawkmoth,AD
Hillia_parasitica,-78.183333,-1,hawkmoth,AD
Hillia_parasitica,-77.80138,-0.68194,hawkmoth,AD
Hillia_parasitica,-80.0833,-0.6667,hawkmoth,AD
Hillia_parasitica,-79.3,-0.616667,hawkmoth,AD
Hillia_parasitica,-78.11694,0.81583,hawkmoth,AD
Hillia_parasitica,-78.1,0.9,hawkmoth,AD
Hillia_parasitica,-78.1,0.9,hawkmoth,AD
Hillia_parasitica,-59.23972,1.52861,hawkmoth,AD
Hillia_parasitica,-59.2397,1.52861,hawkmoth,AD
Hillia_parasitica,-59.23972,1.52861,hawkmoth,AD
Hillia_parasitica,-60.208,2.45,hawkmoth,AD
Hillia_parasitica,-60.208056,2.466944,hawkmoth,AD
Hillia_parasitica,-60.208,2.467,hawkmoth,AD
Hillia_parasitica,-59.12,3.15,hawkmoth,AD
Hillia_parasitica,-59.11,3.15,hawkmoth,AD
Hillia_parasitica,-59.26666,3.16666,hawkmoth,AD
Hillia_parasitica,-59.26666,3.16666,hawkmoth,AD
Hillia_parasitica,-59.2667,3.16667,hawkmoth,AD
Hillia_parasitica,-53.91,3.55,hawkmoth,AD
Hillia_parasitica,-53.28333,3.6,hawkmoth,AD
Hillia_parasitica,-65.516667,3.716667,hawkmoth,AD
Hillia_parasitica,-65.52,3.72,hawkmoth,AD
Hillia_parasitica,-76.41666,4.66666,hawkmoth,AD
Hillia_parasitica,-76.283333,4.733333,hawkmoth,AD
Hillia_parasitica,-58.7017,4.7364,hawkmoth,AD
Hillia_parasitica,-53.91666,4.78333,hawkmoth,AD
Hillia_parasitica,-59.9167,5,hawkmoth,AD
Hillia_parasitica,-59.91666,5,hawkmoth,AD
Hillia_parasitica,-59.85,5.06666,hawkmoth,AD
Hillia_parasitica,-59.8616,5.06758,hawkmoth,AD
Hillia_parasitica,-75.8878,5.11302,hawkmoth,AD
Hillia_parasitica,-60.58333,5.2,hawkmoth,AD
Hillia_parasitica,-59.46666,5.2,hawkmoth,AD
Hillia_parasitica,-60.5879,5.20281,hawkmoth,AD
Hillia_parasitica,-60.58333,5.25,hawkmoth,AD
Hillia_parasitica,-60.58333,5.25,hawkmoth,AD
Hillia_parasitica,-60.7333,5.28333,hawkmoth,AD
Hillia_parasitica,-72.5,5.5,hawkmoth,AD
Hillia_parasitica,-75.25,5.71666,hawkmoth,AD
Hillia_parasitica,-66.0705,5.73553,hawkmoth,AD
Hillia_parasitica,-61.4,5.86,hawkmoth,AD
Hillia_parasitica,-61.41,5.91,hawkmoth,AD
Hillia_parasitica,-62.53,5.91,hawkmoth,AD
Hillia_parasitica,-61.428333,5.953889,hawkmoth,AD
Hillia_parasitica,-76.33333,6.66666,hawkmoth,AD
Hillia_parasitica,-76.33333,6.66666,hawkmoth,AD
Hillia_parasitica,-76.38,6.75,hawkmoth,AD
Hillia_parasitica,-76.38333,6.75,hawkmoth,AD
Hillia_parasitica,-76.38333,6.75,hawkmoth,AD
Hillia_parasitica,-65.9119,7.0758,hawkmoth,AD
Hillia_parasitica,-65.9119,7.0758,hawkmoth,AD
Hillia_parasitica,-65.9119,7.0758,hawkmoth,AD
Hillia_parasitica,-65.9119,7.0758,hawkmoth,AD
Hillia_parasitica,-65.9119,7.0758,hawkmoth,AD
Hillia_parasitica,-65.9119,7.0758,hawkmoth,AD
Hillia_parasitica,-65.9119,7.0758,hawkmoth,AD
Hillia_parasitica,-65.9119,7.0758,hawkmoth,AD
Hillia_parasitica,-65.9119,7.0758,hawkmoth,AD
Hillia_parasitica,-65.9119,7.0758,hawkmoth,AD
Hillia_parasitica,-65.9119,7.0758,hawkmoth,AD
Hillia_parasitica,-65.9119,7.0758,hawkmoth,AD
Hillia_parasitica,-70.2,9.21666,hawkmoth,AD
Hillia_parasitica,-70.2,9.2167,hawkmoth,AD
Hillia_parasitica,-70.21666,9.23333,hawkmoth,AD
Hillia_parasitica,-70.22,9.2439,hawkmoth,AD
Hillia_parasitica,-70.2261,9.2519,hawkmoth,AD
Hillia_parasitica,-70.2261,9.4186,hawkmoth,AD
Hillia_parasitica,-69.916667,9.466667,hawkmoth,AD
Hillia_parasitica,-74.5,10,hawkmoth,AD
Hillia_parasitica,-65.8,10.15,hawkmoth,AD
Hillia_parasitica,-66.4,10.175,hawkmoth,AD
Hillia_parasitica,-67.25,10.18333,hawkmoth,AD
Hillia_parasitica,-68.433333,10.266667,hawkmoth,AD
Hillia_parasitica,-70.666667,10.416667,hawkmoth,AD
Hillia_parasitica,-70.61666,10.46666,hawkmoth,AD
Hillia_parasitica,-63.166667,10.616667,hawkmoth,AD
Hillia_parasitica,-63.175,10.616667,hawkmoth,AD
Hillia_parasitica,-63.16666,10.63333,hawkmoth,AD
Hillia_parasitica,-73.97,10.93,hawkmoth,AD
Hillia_parasitica,-73.97,10.93,hawkmoth,AD
Hillia_parasitica,-69.8333,11,hawkmoth,AD
Hillia_parasitica,-69.6833,11.1917,hawkmoth,AD
Hillia_parasitica,-66.1142,17.9861,hawkmoth,AD
Hillia_parasitica,-71.225,18.0125,hawkmoth,AD
Hillia_parasitica,-65.9861,18.0469,hawkmoth,AD
Hillia_parasitica,-71.1583,18.05,hawkmoth,AD
Hillia_parasitica,-66.143675,18.070142,hawkmoth,AD
Hillia_parasitica,-66.98,18.08,hawkmoth,AD
Hillia_parasitica,-66.98333,18.08333,hawkmoth,AD
Hillia_parasitica,-66.16666,18.08333,hawkmoth,AD
Hillia_parasitica,-66.61666,18.08333,hawkmoth,AD
Hillia_parasitica,-66.61666,18.08333,hawkmoth,AD
Hillia_parasitica,-66.14129,18.103976,hawkmoth,AD
Hillia_parasitica,-71.1885,18.1045,hawkmoth,AD
Hillia_parasitica,-66.07906,18.108912,hawkmoth,AD
Hillia_parasitica,-71.24316,18.11273,hawkmoth,AD
Hillia_parasitica,-66.0525,18.115556,hawkmoth,AD
Hillia_parasitica,-66.05,18.11666,hawkmoth,AD
Hillia_parasitica,-66.05,18.11666,hawkmoth,AD
Hillia_parasitica,-66.9747,18.1239,hawkmoth,AD
Hillia_parasitica,-66.96432,18.12489,hawkmoth,AD
Hillia_parasitica,-66.8904,18.1294,hawkmoth,AD
Hillia_parasitica,-66.95715,18.1348,hawkmoth,AD
Hillia_parasitica,-76.670394,18.135359,hawkmoth,AD
Hillia_parasitica,-66.975068,18.143106,hawkmoth,AD
Hillia_parasitica,-66.980835,18.145715,hawkmoth,AD
Hillia_parasitica,-66.7225,18.1647,hawkmoth,AD
Hillia_parasitica,-66.984444,18.165278,hawkmoth,AD
Hillia_parasitica,-66.6,18.17,hawkmoth,AD
Hillia_parasitica,-71.2,18.17,hawkmoth,AD
Hillia_parasitica,-66.591944,18.1725,hawkmoth,AD
Hillia_parasitica,-66.9803,18.1828,hawkmoth,AD
Hillia_parasitica,-66.5055,18.18348,hawkmoth,AD
Hillia_parasitica,-66.332338,18.201642,hawkmoth,AD
Hillia_parasitica,-65.7353,18.2136,hawkmoth,AD
Hillia_parasitica,-66.5919,18.2206,hawkmoth,AD
Hillia_parasitica,-65.7606,18.2347,hawkmoth,AD
Hillia_parasitica,-65.759739,18.236001,hawkmoth,AD
Hillia_parasitica,-66.60283,18.237399,hawkmoth,AD
Hillia_parasitica,-65.785833,18.25222,hawkmoth,AD
Hillia_parasitica,-65.786839,18.253052,hawkmoth,AD
Hillia_parasitica,-65.75,18.27,hawkmoth,AD
Hillia_parasitica,-65.65,18.27,hawkmoth,AD
Hillia_parasitica,-65.7594,18.2706,hawkmoth,AD
Hillia_parasitica,-65.7594,18.2706,hawkmoth,AD
Hillia_parasitica,-65.76294,18.27492,hawkmoth,AD
Hillia_parasitica,-65.76294,18.27492,hawkmoth,AD
Hillia_parasitica,-65.764444,18.276111,hawkmoth,AD
Hillia_parasitica,-65.764588,18.276342,hawkmoth,AD
Hillia_parasitica,-65.78,18.28,hawkmoth,AD
Hillia_parasitica,-65.78,18.28,hawkmoth,AD
Hillia_parasitica,-65.78,18.28,hawkmoth,AD
Hillia_parasitica,-65.78,18.28,hawkmoth,AD
Hillia_parasitica,-65.78,18.28,hawkmoth,AD
Hillia_parasitica,-65.78,18.28,hawkmoth,AD
Hillia_parasitica,-65.74311,18.287701,hawkmoth,AD
Hillia_parasitica,-65.781006,18.296076,hawkmoth,AD
Hillia_parasitica,-65.786556,18.299116,hawkmoth,AD
Hillia_parasitica,-65.790258,18.30887,hawkmoth,AD
Hillia_parasitica,-65.7917,18.3125,hawkmoth,AD
Hillia_parasitica,-65.7917,18.3125,hawkmoth,AD
Hillia_parasitica,-66.98333,18.31666,hawkmoth,AD
Hillia_parasitica,-65.8244,18.3184,hawkmoth,AD
Hillia_parasitica,-74.0108,18.3261,hawkmoth,AD
Hillia_parasitica,-65.75,18.33,hawkmoth,AD
Hillia_parasitica,-74.029444,18.330833,hawkmoth,AD
Hillia_parasitica,-65.83333,18.33333,hawkmoth,AD
Hillia_parasitica,-65.825639,18.338291,hawkmoth,AD
Hillia_parasitica,-67.0247,18.5028,hawkmoth,AD
Hillia_parasitica,-70.52,18.62,hawkmoth,AD
Hillia_parasitica,-70.37,18.725,hawkmoth,AD
Hillia_parasitica,-70.33,18.9,hawkmoth,AD
Hillia_parasitica,-70.513,18.944,hawkmoth,AD
Hillia_parasitica,-70.513,18.944,hawkmoth,AD
Hillia_parasitica,-69.5,19,hawkmoth,AD
Hillia_parasitica,-70.135555,19.409722,hawkmoth,AD
Hillia_parasitica,-70.333333,19.5,hawkmoth,AD
Hillia_parasitica,-70.7417,19.575,hawkmoth,AD
Hillia_parasitica,-74.5732,20.34841,hawkmoth,AD
Hillia_parasitica,-82.53333,22.85,hawkmoth,AD
Hillia_pumila,-75.451667,-10.651389,hawkmoth,A
Hillia_pumila,-75.625556,-10.643611,hawkmoth,A
Hillia_pumila,-75.45638,-10.56166,hawkmoth,A
Hillia_pumila,-75.45194,-10.44305,hawkmoth,A
Hillia_pumila,-75.43777,-10.44305,hawkmoth,A
Hillia_pumila,-75.43777,-10.44305,hawkmoth,A
Hillia_pumila,-75.452778,-10.437778,hawkmoth,A
Hillia_pumila,-75.45,-10.43333,hawkmoth,A
Hillia_pumila,-75.48194,-10.39583,hawkmoth,A
Hillia_pumila,-75.46666,-10.38333,hawkmoth,A
Hillia_pumila,-75.575278,-10.314444,hawkmoth,A
Hillia_pumila,-74.582778,-9.470833,hawkmoth,A
Hillia_pumila,-74.580667,-9.469833,hawkmoth,A
Hillia_pumila,-74.734722,-9.422222,hawkmoth,A
Hillia_pumila,-76.216111,-8.171667,hawkmoth,A
Hillia_pumila,-76.197222,-7.590555,hawkmoth,A
Hillia_rivalis,-63,-5,hummingbird,D
Hillia_rivalis,-65.5,3.716667,hummingbird,D
Hillia_rivalis,-65.5,3.72,hummingbird,D
Hillia_rivalis,-65.5,3.72,hummingbird,D
Hillia_rivalis,-65.9119,7.0758,hummingbird,D
Hillia_saldanhaei,-52.8731,-10.8339,hawkmoth,A
Hillia_saldanhaei,-52.8731,-10.8339,hawkmoth,A
Hillia_tetrandra,-77.266667,8.116667,hawkmoth,BC
Hillia_tetrandra,-81.766667,8.493611,hawkmoth,BC
Hillia_tetrandra,-80.1003,8.638,hawkmoth,BC
Hillia_tetrandra,-79.916667,8.666667,hawkmoth,BC
Hillia_tetrandra,-79.834444,8.667778,hawkmoth,BC
Hillia_tetrandra,-82.252222,8.7425,hawkmoth,BC
Hillia_tetrandra,-82.25,8.75,hawkmoth,BC
Hillia_tetrandra,-82.2,8.75,hawkmoth,BC
Hillia_tetrandra,-82.4,8.83,hawkmoth,BC
Hillia_tetrandra,-82.4,8.833333,hawkmoth,BC
Hillia_tetrandra,-84.60777,10.21472,hawkmoth,BC
Hillia_tetrandra,-84.77,10.26,hawkmoth,BC
Hillia_tetrandra,-84.80416,10.30944,hawkmoth,BC
Hillia_tetrandra,-84.80416,10.30944,hawkmoth,BC
Hillia_tetrandra,-84.80416,10.30944,hawkmoth,BC
Hillia_tetrandra,-84.71666,10.33333,hawkmoth,BC
Hillia_tetrandra,-84.83333,10.33333,hawkmoth,BC
Hillia_tetrandra,-84.833333,10.333333,hawkmoth,BC
Hillia_tetrandra,-85.3,10.783333,hawkmoth,BC
Hillia_tetrandra,-85.58333,11.53333,hawkmoth,BC
Hillia_tetrandra,-85.75,12.6,hawkmoth,BC
Hillia_tetrandra,-85.73333,12.6,hawkmoth,BC
Hillia_tetrandra,-84.91666,13.13333,hawkmoth,BC
Hillia_tetrandra,-86.2,13.16666,hawkmoth,BC
Hillia_tetrandra,-85.65,13.266667,hawkmoth,BC
Hillia_tetrandra,-85.4,13.28333,hawkmoth,BC
Hillia_tetrandra,-84.808333,13.65,hawkmoth,BC
Hillia_tetrandra,-84.9,13.75,hawkmoth,BC
Hillia_tetrandra,-89.788889,13.890833,hawkmoth,BC
Hillia_tetrandra,-90.23388,15.23694,hawkmoth,BC
Hillia_tetrandra,-89.726944,15.270278,hawkmoth,BC
Hillia_tetrandra,-86.65,15.612222,hawkmoth,BC
Hillia_tetrandra,-89.94388,15.80444,hawkmoth,BC
Hillia_tetrandra,-89.35083,16.08111,hawkmoth,BC
Hillia_tetrandra,-89.350833,16.081111,hawkmoth,BC
Hillia_tetrandra,-89.15,16.383333,hawkmoth,BC
Hillia_tetrandra,-89.19833,16.38527,hawkmoth,BC
Hillia_tetrandra,-88.983333,16.733333,hawkmoth,BC
Hillia_tetrandra,-91.13,16.76,hawkmoth,BC
Hillia_tetrandra,-92.28,16.84,hawkmoth,BC
Hillia_tetrandra,-94.66666,16.94166,hawkmoth,BC
Hillia_tetrandra,-91.41,16.99,hawkmoth,BC
Hillia_tetrandra,-88.99,16.990556,hawkmoth,BC
Hillia_tetrandra,-88.783333,17,hawkmoth,BC
Hillia_tetrandra,-88.783333,17,hawkmoth,BC
Hillia_tetrandra,-88.78333,17,hawkmoth,BC
Hillia_tetrandra,-88.78333,17,hawkmoth,BC
Hillia_tetrandra,-88.791,17.0004,hawkmoth,BC
Hillia_tetrandra,-94.000533,17.000833,hawkmoth,BC
Hillia_tetrandra,-88.50944,17.02361,hawkmoth,BC
Hillia_tetrandra,-92.106944,17.1825,hawkmoth,BC
Hillia_tetrandra,-94.13333,17.18333,hawkmoth,BC
Hillia_tetrandra,-94.65,17.2,hawkmoth,BC
Hillia_tetrandra,-94.63333,17.2,hawkmoth,BC
Hillia_tetrandra,-94.58333,17.26666,hawkmoth,BC
Hillia_tetrandra,-94.58333,17.26666,hawkmoth,BC
Hillia_tetrandra,-94.516667,17.266667,hawkmoth,BC
Hillia_tetrandra,-91.984444,17.447778,hawkmoth,BC
Hillia_tetrandra,-92.933056,17.529167,hawkmoth,BC
Hillia_tetrandra,-76.365046,17.977047,hawkmoth,BC
Hillia_tetrandra,-96.692778,18.041944,hawkmoth,BC
Hillia_tetrandra,-76.5,18.1,hawkmoth,BC
Hillia_tetrandra,-77.106392,18.205978,hawkmoth,BC
Hillia_tetrandra,-77.61356,18.26799,hawkmoth,BC
Hillia_tetrandra,-77.61356,18.26799,hawkmoth,BC
Hillia_tetrandra,-94.725,18.30833,hawkmoth,BC
Hillia_tetrandra,-95,18.53333,hawkmoth,BC
Hillia_tetrandra,-95.06666,18.56666,hawkmoth,BC
Hillia_tetrandra,-95.06666,18.56666,hawkmoth,BC
Hillia_tetrandra,-95.06666,18.56666,hawkmoth,BC
Hillia_tetrandra,-69.5,19,hawkmoth,BC
Hillia_tetrandra,-69.5,19,hawkmoth,BC
Hillia_tetrandra,-69.4583,19.08,hawkmoth,BC
Hillia_tetrandra,-69.47,19.08,hawkmoth,BC
Hillia_tetrandra,-69.458,19.083,hawkmoth,BC
Hillia_tetrandra,-69.3,19.2583,hawkmoth,BC
Hillia_tetrandra,-96.6667,19.3333,hawkmoth,BC
Hillia_tetrandra,-70.48,19.4917,hawkmoth,BC
Hillia_tetrandra,-97.5285,19.9592,hawkmoth,BC
Hillia_tetrandra,-97.305556,20.008333,hawkmoth,BC
Hillia_tetrandra,-97.301667,20.020556,hawkmoth,BC
Hillia_tetrandra,-97.5545,20.0347,hawkmoth,BC
Hillia_tetrandra,-97.4115,20.0582,hawkmoth,BC
Hillia_tetrandra,-75.8078,20.48077,hawkmoth,BC
Hillia_tetrandra,-76.9,20.86666,hawkmoth,BC
Hillia_tetrandra,-79.618941,21.870604,hawkmoth,BC
Hillia_tetrandra,-80.198053,21.995335,hawkmoth,BC
Hillia_tetrandra,-83.173841,22.750809,hawkmoth,BC
Hillia_triflora_var._pittieri,-77.265558,6.098519,hummingbird,B
Hillia_triflora_var._pittieri,-77.7,7.66666,hummingbird,B
Hillia_triflora_var._pittieri,-77.7,7.66666,hummingbird,B
Hillia_triflora_var._pittieri,-77.715833,7.9225,hummingbird,B
Hillia_triflora_var._pittieri,-77.715833,7.9225,hummingbird,B
Hillia_triflora_var._pittieri,-81.125556,8.510833,hummingbird,B
Hillia_triflora_var._pittieri,-81.116389,8.513333,hummingbird,B
Hillia_triflora_var._pittieri,-81.115556,8.513611,hummingbird,B
Hillia_triflora_var._pittieri,-81.133333,8.516667,hummingbird,B
Hillia_triflora_var._pittieri,-81.118056,8.516667,hummingbird,B
Hillia_triflora_var._pittieri,-81.12583,8.52277,hummingbird,B
Hillia_triflora_var._pittieri,-81.125833,8.522778,hummingbird,B
Hillia_triflora_var._pittieri,-81.13055,8.52444,hummingbird,B
Hillia_triflora_var._pittieri,-81.15611,8.5425,hummingbird,B
Hillia_triflora_var._pittieri,-81.19222,8.57777,hummingbird,B
Hillia_triflora_var._pittieri,-80.14166,8.62166,hummingbird,B
Hillia_triflora_var._pittieri,-80.108333,8.623333,hummingbird,B
Hillia_triflora_var._pittieri,-80.10833,8.63333,hummingbird,B
Hillia_triflora_var._pittieri,-80.6,8.683333,hummingbird,B
Hillia_triflora_var._pittieri,-80.6,8.683333,hummingbird,B
Hillia_triflora_var._pittieri,-82.25,8.75,hummingbird,B
Hillia_triflora_var._pittieri,-79.313889,9.275,hummingbird,B
Hillia_triflora_var._pittieri,-82.95,9.49,hummingbird,B
Hillia_triflora_var._pittieri,-84.75,10.31666,hummingbird,B
Hillia_triflora_var._pittieri,-83.93611,10.31916,hummingbird,B
Hillia_triflora_var._pittieri,-84.716667,10.333333,hummingbird,B
Hillia_triflora_var._pittieri,-84.5,10.5,hummingbird,B
Hillia_triflora_var._pittieri,-85.401389,10.880556,hummingbird,B
Hillia_triflora_var._pittieri,-85.401389,10.880556,hummingbird,B
Hillia_triflora_var._pittieri,-85.33,10.91,hummingbird,B
Hillia_triflora_var._triflora,-81.783333,8.45,hummingbird,B
Hillia_triflora_var._triflora,-82.183333,8.666667,hummingbird,B
Hillia_triflora_var._triflora,-79.834444,8.667778,hummingbird,B
Hillia_triflora_var._triflora,-82.2308,8.7925,hummingbird,B
Hillia_triflora_var._triflora,-83.083333,8.966667,hummingbird,B
Hillia_triflora_var._triflora,-83.77722,9.72527,hummingbird,B
Hillia_triflora_var._triflora,-83.75,9.8333,hummingbird,B
Hillia_triflora_var._triflora,-83.75,9.8333,hummingbird,B
Hillia_triflora_var._triflora,-83.98,10.04,hummingbird,B
Hillia_triflora_var._triflora,-84.09472,10.0675,hummingbird,B
Hillia_triflora_var._triflora,-83.98,10.1,hummingbird,B
Hillia_triflora_var._triflora,-84.48,10.14,hummingbird,B
Hillia_triflora_var._triflora,-84.48,10.14,hummingbird,B
Hillia_triflora_var._triflora,-84.65,10.15,hummingbird,B
Hillia_triflora_var._triflora,-84.65,10.15,hummingbird,B
Hillia_triflora_var._triflora,-84.15,10.17,hummingbird,B
Hillia_triflora_var._triflora,-84.39305,10.18583,hummingbird,B
Hillia_triflora_var._triflora,-84.58,10.21,hummingbird,B
Hillia_triflora_var._triflora,-84.63,10.24,hummingbird,B
Hillia_triflora_var._triflora,-84.79,10.3,hummingbird,B
Hillia_triflora_var._triflora,-84.79555,10.30888,hummingbird,B
Hillia_triflora_var._triflora,-84.79555,10.30888,hummingbird,B
Hillia_triflora_var._triflora,-84.80416,10.30944,hummingbird,B
Hillia_triflora_var._triflora,-84.80666,10.31666,hummingbird,B
Hillia_triflora_var._triflora,-84.5,10.36,hummingbird,B
Hillia_triflora_var._triflora,-84.5,10.5,hummingbird,B
Hillia_triflora_var._triflora,-84,10.5,hummingbird,B
Hillia_triflora_var._triflora,-85.44,10.96,hummingbird,B
Hillia_triflora_var._triflora,-85.44,10.96,hummingbird,B
Hillia_triflora_var._triflora,-85.516667,11.45,hummingbird,B
Hillia_triflora_var._triflora,-85.916667,13,hummingbird,B
Hillia_triflora_var._triflora,-86.1,13.116667,hummingbird,B
Hillia_triflora_var._triflora,-85.683333,13.55,hummingbird,B
Hillia_triflora_var._triflora,-85.66666,13.58333,hummingbird,B
Hillia_ulei,-63.673056,-18.311944,bat,ABD
Hillia_ulei,-63.6,-17.5,bat,ABD
Hillia_ulei,-63.6,-17.5,bat,ABD
Hillia_ulei,-64.435,-16.7261,bat,ABD
Hillia_ulei,-64.435,-16.7261,bat,ABD
Hillia_ulei,-67.33333,-16.66666,bat,ABD
Hillia_ulei,-67.35,-16.65,bat,ABD
Hillia_ulei,-67.333333,-15.5,bat,ABD
Hillia_ulei,-68,-15.5,bat,ABD
Hillia_ulei,-60.39305,-14.80305,bat,ABD
Hillia_ulei,-68.811389,-14.569972,bat,ABD
Hillia_ulei,-60.7425,-14.3625,bat,ABD
Hillia_ulei,-72.50138,-12.44722,bat,ABD
Hillia_ulei,-70.25,-12,bat,ABD
Hillia_ulei,-71.416667,-11.833333,bat,ABD
Hillia_ulei,-71.41666,-11.83333,bat,ABD
Hillia_ulei,-67.94583,-11.60194,bat,ABD
Hillia_ulei,-68.216667,-11.25,bat,ABD
Hillia_ulei,-52.8731,-10.8339,bat,ABD
Hillia_ulei,-67.545278,-10.083056,bat,ABD
Hillia_ulei,-68.1289,-9.7214,bat,ABD
Hillia_ulei,-68.128889,-9.721389,bat,ABD
Hillia_ulei,-68.092222,-9.712222,bat,ABD
Hillia_ulei,-68.077222,-9.7025,bat,ABD
Hillia_ulei,-68.0772,-9.7025,bat,ABD
Hillia_ulei,-68.0772,-9.7025,bat,ABD
Hillia_ulei,-68.010833,-9.641389,bat,ABD
Hillia_ulei,-68.0108,-9.641374,bat,ABD
Hillia_ulei,-74.7525,-9.432222,bat,ABD
Hillia_ulei,-68.6125,-9.4178,bat,ABD
Hillia_ulei,-68.123889,-9.411111,bat,ABD
Hillia_ulei,-68.1239,-9.4111,bat,ABD
Hillia_ulei,-68.11666,-9.4,bat,ABD
Hillia_ulei,-74.14,-9.1839,bat,ABD
Hillia_ulei,-74.14,-9.1839,bat,ABD
Hillia_ulei,-74.14,-9.1839,bat,ABD
Hillia_ulei,-74.14,-9.1839,bat,ABD
Hillia_ulei,-74.14,-9.1839,bat,ABD
Hillia_ulei,-74.14,-9.1839,bat,ABD
Hillia_ulei,-74.14,-9.1839,bat,ABD
Hillia_ulei,-74.14,-9.1839,bat,ABD
Hillia_ulei,-74.14,-9.1839,bat,ABD
Hillia_ulei,-74.14,-9.1839,bat,ABD
Hillia_ulei,-72.6716458,-7.634555,bat,ABD
Hillia_ulei,-72.669722,-7.631111,bat,ABD
Hillia_ulei,-78.33805,-5.05666,bat,ABD
Hillia_ulei,-73.73333,-4.98333,bat,ABD
Hillia_ulei,-79.08361,-4.97944,bat,ABD
Hillia_ulei,-73.75,-4.91666,bat,ABD
Hillia_ulei,-74.350556,-4.895278,bat,ABD
Hillia_ulei,-78.23361,-4.58277,bat,ABD
Hillia_ulei,-73.484722,-4.228611,bat,ABD
Hillia_ulei,-75,-4,bat,ABD
Hillia_ulei,-75,-4,bat,ABD
Hillia_ulei,-73.491944,-3.881111,bat,ABD
Hillia_ulei,-72.51666,-3.15,bat,ABD
Hillia_ulei,-59.97,-2.88,bat,ABD
Hillia_ulei,-59.97,-2.88,bat,ABD
Hillia_ulei,-53.35,-0.88,bat,ABD
Hillia_ulei,-53.35,-0.88,bat,ABD
Hillia_ulei,-53.35,0.88,bat,ABD
Hillia_ulei,-53.35,0.88,bat,ABD
Hillia_ulei,-58.73833,1.78944,bat,ABD
Hillia_ulei,-58.7383,1.78944,bat,ABD
Hillia_ulei,-58.73833,1.78944,bat,ABD
Hillia_ulei,-65.1,2,bat,ABD
Hillia_ulei,-65.12,2.02,bat,ABD
Hillia_ulei,-56.5,3.65,bat,ABD
Hillia_ulei,-55.625,4.1006,bat,ABD
Hillia_ulei,-70.0093,9.38467,bat,ABD
Hillia_wurdackii,-65.630278,-17.136944,hawkmoth,A
Hillia_wurdackii,-65.59972,-17.11861,hawkmoth,A
Hillia_wurdackii,-66.21888,-16.92416,hawkmoth,A
Hillia_wurdackii,-64.435,-16.7261,hawkmoth,A
Hillia_wurdackii,-68.585,-14.789722,hawkmoth,A
Hillia_wurdackii,-68.976167,-14.777667,hawkmoth,A
Hillia_wurdackii,-68.976167,-14.777667,hawkmoth,A
Hillia_wurdackii,-68.976167,-14.777667,hawkmoth,A
Hillia_wurdackii,-68.987055,-14.77625,hawkmoth,A
Hillia_wurdackii,-68.960833,-14.758056,hawkmoth,A
Hillia_wurdackii,-68.960833,-14.757987,hawkmoth,A
Hillia_wurdackii,-68.93861,-14.60333,hawkmoth,A
Hillia_wurdackii,-68.93138,-14.59805,hawkmoth,A
Hillia_wurdackii,-72.77777,-12.94611,hawkmoth,A
Hillia_wurdackii,-73.16944,-12.7875,hawkmoth,A
Hillia_wurdackii,-73.274167,-12.683333,hawkmoth,A
Hillia_wurdackii,-71.58333,-12.5,hawkmoth,A
Hillia_wurdackii,-72.50138,-12.44722,hawkmoth,A
Hillia_wurdackii,-74.003056,-11.375278,hawkmoth,A
Hillia_wurdackii,-75.45,-10.55,hawkmoth,A
Hillia_wurdackii,-75.35,-10.53333,hawkmoth,A
Hillia_wurdackii,-75.35,-10.53333,hawkmoth,A
Hillia_wurdackii,-75.437778,-10.443055,hawkmoth,A
Hillia_wurdackii,-75.48222,-10.39555,hawkmoth,A
Hillia_wurdackii,-75.56972,-10.3225,hawkmoth,A
Hillia_wurdackii,-75.51833,-10.28861,hawkmoth,A
Hillia_wurdackii,-75.5183,-10.2886,hawkmoth,A
Hillia_wurdackii,-75.581944,-10.224167,hawkmoth,A
Hillia_wurdackii,-75.368333,-10.134444,hawkmoth,A
Hillia_wurdackii,-74.14,-9.1839,hawkmoth,A
Hillia_wurdackii,-77.783333,-6.716667,hawkmoth,A
Hillia_wurdackii,-78.338611,-5.059167,hawkmoth,A
Hillia_wurdackii,-78,-5,hawkmoth,A
Hillia_wurdackii,-79.1,-3.98333,hawkmoth,A
Hillia_wurdackii,-78.51805,-3.8275,hawkmoth,A
Hillia_wurdackii,-78.5181,-3.8275,hawkmoth,A
Hillia_wurdackii,-77.96666,-1.41666,hawkmoth,A
Hillia_wurdackii,-77.85,-0.61666,hawkmoth,A
Hillia_bonoi,-69.589247,9.704019,hawkmoth,A
Hillia_bonoi,-72.423481,7.65035,hawkmoth,A